SOC (%),Voltage (V),Current (A),Battery Temp (°C),Ambient Temp (°C),Charging Duration (min),Degradation Rate (%),Efficiency (%),Charging Cycles,Optimal Charging Duration Class
43.7086106962626,3.62959305018703,33.5535115362315,33.454059884178,26.4399175656719,59.3635520277442,8.80509619800071,98.2389807603999,112,1
95.5642875768925,3.87933066316485,32.22809191648,35.9336279438274,31.1086465859997,67.3435659375022,12.1868596041612,97.5626280791678,398,1
75.8794547630265,4.11106208511349,91.5629122468933,25.00935797585,30.2032185958032,105.454739320218,13.8323355802953,97.2335328839409,175,2
63.8792635777333,4.01255742048669,32.4591579864556,32.49748199214,18.0779980938755,54.0004386059892,9.31887382899277,98.1362252342015,150,1
24.0416776398193,4.06459280350301,34.4754753515768,31.434919662875,17.9849893948295,106.964968481217,11.6875772385695,97.6624845522861,886,2
24.0395068302582,3.9611483566975,78.3458436176167,36.6566075357654,20.3634873548983,28.8134430976692,5.43592597644028,98.9128148047119,248,0
15.227525095138,3.9845935951625,50.4765858205486,38.1217412096252,22.2214945268207,97.6798437208631,10.8074502919767,97.8385099416047,830,2
87.9558531197442,4.09443695609572,79.9039501259663,20.2431354295477,23.1691116281697,104.754763305474,14.1395130362541,97.1720973927492,221,2
64.1003510568888,3.67476760620143,15.8829541807947,33.4803983811758,28.5939443366669,38.1817652837339,8.06085124554772,98.3878297508905,310,0
73.7265320016441,3.8425974745502,53.8814074306046,21.0367159823946,16.1336086433167,63.03465323722,9.99105016897027,98.001789966206,379,1
11.8526044866222,3.65484660927372,13.0252240164954,30.9771733015471,15.6934540845213,36.5499774663656,5.18732034493893,98.9625359310122,637,0
97.2918866945795,4.19136760559765,15.6387883109819,25.7526545808736,22.8382112588782,90.6604128994218,13.7072614720578,97.2585477055884,784,2
84.919837672038,4.16084153778063,91.579370800997,26.1355319904428,28.9432738427596,73.5347768061657,11.6806665503045,97.6638666899391,255,1
29.1105199610449,3.52759876795795,22.5320834005836,27.0591700690471,18.8687068591297,83.5323346708321,9.76951239074061,98.0460975218519,337,2
26.3642470486391,3.99390262076098,57.9178614047695,32.4258489809922,27.830089625125,39.6486966956211,6.24356285944999,98.75128742811,475,0
26.506405886809,4.14767382219097,46.9986042340636,26.6809993133754,20.196562758806,41.174586205242,6.09058577711272,98.7818828445775,181,1
37.3818018663584,3.62640274158913,41.2608993632958,34.6539810118056,32.7217221762703,24.1497325509906,5.61426685649075,98.8771466287018,591,0
57.2280788469014,3.89756166138684,90.9850011118545,28.0905477114774,32.9137988853323,52.206753519573,8.61649412121669,98.2767011757567,455,1
48.8750516777904,4.14084180831163,11.9641057097941,21.3670640061992,20.9457440856265,75.9744661333675,9.84331129531344,98.0313377409373,372,1
36.2106226178238,3.52376218501006,69.741071755803,35.6751968496821,19.5998750792648,105.793491399733,12.4104152566864,97.5179169486627,679,2
65.0667605250142,3.98819418707279,96.7054990792195,25.7151664918541,23.2260794413246,86.6927447458681,11.7634917463324,97.6473016507335,143,2
22.5544474586838,3.70814430516079,60.4151365115658,28.6553375919852,19.810631703603,63.5396323399751,7.85545861419805,98.4289082771604,672,1
36.2930183681696,4.14707733676357,94.3140215829783,33.708877664438,28.4476768658341,115.312011439414,13.1094290882482,97.3781141823504,222,2
42.9725658964323,4.17974077161576,14.7032091357421,26.6491231429742,31.5212936909657,91.9245200575832,11.1414611234356,97.7717077753129,448,2
51.0462985795332,4.1609865423794,47.6913987166745,21.1317131229343,28.4618426182243,113.016520286255,13.0269439423113,97.3946112115377,807,2
80.6658365253712,3.83194995166022,33.4142011865846,27.4784209402563,31.487008944987,72.7587973272166,11.4704459838828,97.7059108032234,429,1
27.9706403942524,4.10342985569252,75.7738868482657,38.8889716538861,22.9398432441495,45.890427479314,7.16718289234975,98.5665634215301,508,1
56.2810994572251,4.09118457897455,98.3167381447522,32.8346879459712,18.1263394141772,25.2826686364722,6.56267842319916,98.6874643153602,422,0
63.3173111975838,3.72337033127028,33.0877056199823,33.4295829733441,29.7590189479518,92.608485148385,12.5547184709118,97.4890563058176,210,2
14.1805371447998,4.08024083190547,68.8757141326667,32.6456430727528,22.2094901028311,32.1302998005534,5.01883399425708,98.9962332011486,869,0
64.6790366711295,3.52590534430084,27.8287869483766,23.9798427791887,28.4254165045826,50.2775128271967,8.62273670811564,98.2754526583769,188,1
25.3471711318562,3.91738891493744,60.8797229114449,28.3666772820456,20.4128788396353,73.2470907883897,8.7896166530609,98.2420766693878,532,1
15.8546433686752,3.66100618610139,51.7539238019503,35.0187959672664,16.6245926961335,76.4416587779748,8.91381019829497,98.217237960341,809,1
95.3996983528,3.5843968200441,97.4804796668383,22.0274579510632,34.8516359097553,80.0583196987136,12.5428844567526,97.4914231086495,893,2
96.9068829767103,3.55386724114045,64.767454542682,25.5570555217942,18.124030158612,36.6255330349701,9.1753246778394,98.1649350644321,811,0
82.7557613304815,3.9874021431147,41.4555734878137,25.5263821693171,34.7684198792696,57.9737404821649,10.2452522151703,97.9509495569659,198,1
37.4152392256034,3.73791247463765,20.268620639914,28.6403785518901,34.5455986513289,81.7194227116967,10.1127327815161,97.9774534436968,638,2
18.7904902605746,4.00733674007013,23.6122145861441,39.6073748188437,30.8763620781608,116.981886463378,12.6683837925858,97.4663232414828,700,2
71.5809723860941,3.54574943855926,30.2785236956112,21.3500509336764,28.18845924164,92.7631137699689,12.3768106468193,97.5246378706362,245,2
49.6137244365641,3.72070323648143,32.5869995206268,30.3740198876119,26.5561410050217,112.260375709396,13.3544185253251,97.329116294935,793,2
20.9834411360301,3.87764390466274,86.5554452057024,23.5872936402442,32.3220309075567,96.2212058314177,10.2469705580985,97.9506058883803,356,2
54.5659219100143,4.05350621538728,60.5100509454273,39.4135309081949,20.7887904323898,79.1716968892401,11.2966140483471,97.7406771903306,288,1
13.0949669003697,3.72312675205245,57.105182023693,22.2660700945493,24.3536242496975,39.2023369136345,5.03491325921549,98.9930173481569,339,0
91.8388361870904,3.93812396350591,20.3291984682296,28.0720200472318,27.38779938733,86.6685651892513,13.2179232441537,97.3564153511693,970,2
33.2901983440015,4.12018442376533,87.4125724014492,34.7576996966921,23.2238095173898,82.3379565959907,10.2638912850339,97.9472217429932,998,2
69.6270055918584,3.93110423172761,75.0532872887635,34.0910885605489,23.5497290818054,80.2469170457266,11.8731477947643,97.6253704410471,602,2
38.053996848047,3.66307163232754,16.0901525710001,28.4545727378786,21.6056933500417,68.9785867988241,9.07364404586495,98.185271190827,807,1
56.806121906003,3.51708054708958,73.7051587506792,26.9304833590544,26.2846363336907,72.8656603989276,10.2589686298302,97.948206274034,908,1
59.2039251408952,4.10906921173065,58.9184395608381,27.9522475710574,32.0114905603023,53.4442527118104,8.81149636158183,98.2377007276836,776,1
26.6369009972974,3.51488858759527,17.35528111721,25.2855252631728,19.0305675601263,71.9312692642303,8.59039375170937,98.2819212496581,918,1
97.2626164988103,4.11229117087894,51.2470577375791,24.106658774136,33.6886607750688,39.7555905678478,9.3814296443013,98.1237140711398,370,0
79.7619541025003,3.87025599381905,53.6226658417042,29.6607939511778,28.7817530749646,100.517439736038,13.8475907140204,97.2304818571959,619,2
94.554904740777,4.15734738895903,24.9197086146948,25.3706751213521,31.4654642536006,38.5776954698708,9.21108694892903,98.1577826102142,649,0
90.5344615384884,4.05914826504157,95.1128332300254,25.749233297945,26.1238138526002,28.4966289889466,8.18890382423389,98.3622192351532,213,0
63.8109980929977,4.19855387737334,86.4977834332596,33.1351212694911,30.5903340284813,63.6246026357157,10.1493561877674,97.9701287624465,438,1
92.9686811520805,3.7454982708162,70.2120103596197,39.3707466339978,15.3240079467893,85.8307439506062,13.7695333851878,97.2460933229625,667,2
17.9643251846728,4.03703180225179,51.6066004900546,32.0727440111875,31.3676084955907,63.7716824933541,7.81616033423919,98.4367679331522,458,1
27.6384576177231,3.78135163952647,47.0588987426058,21.5395893412993,15.8027771817073,47.6754131951309,6.43185344754536,98.7136293104909,749,1
14.0704560019484,3.83591293421274,68.5876120435859,21.5116722770813,32.7982675272573,75.8171183890441,8.0971996130385,98.3805600773923,713,1
39.2797297686938,3.93925382425286,59.0888682466215,39.0284644169113,34.8392549447729,54.70023354122,8.47376250438192,98.3052474991236,433,1
44.9809560720534,4.11157397993044,15.6045795293697,25.9458158061467,20.8813492435356,113.286769012663,12.9869026782986,97.4026194643403,788,2
34.4214128596506,4.18885842843951,56.1252383893299,21.8413397216495,19.2063711257159,112.264513960357,12.1685137924281,97.5662972415144,268,2
84.5863758236736,4.03779138970516,82.5763255509556,31.9808917430076,30.3072672771608,70.2371819972096,11.6814618781015,97.6637076243797,438,1
42.107799402423,3.79243674751713,51.3315889837262,32.4729755658053,20.0605268184051,52.7883994018259,8.1280720318969,98.3743855936206,897,1
35.2841058718643,3.79494990159395,14.6760919798842,32.9700964023738,32.3112476634441,93.7132413956639,11.2221468966839,97.7555706206632,360,2
58.8426474842424,4.01630761111222,80.765037944563,25.3480405571508,17.0568518431495,23.6712943483067,6.18214226442855,98.7635715471143,986,0
22.6831802477286,3.66714400203781,28.1227403922377,20.3022136842895,17.5191039275872,67.4769006043651,7.77234474696467,98.4455310506071,834,1
82.1977282678636,3.57733187919198,33.2758751399235,39.3003073890894,34.5830311020123,53.6323394270334,10.5442634017671,97.8911473196466,298,1
16.7095579311794,3.74823551034854,24.8235718089066,25.017860913822,28.4767779654001,112.053588510255,11.4241699847714,97.7151660030457,310,2
98.8198242940466,3.70106729415786,39.7193558384348,33.5205257610509,31.9377444885791,21.2003027272683,8.3837093966939,98.3232581206612,386,0
79.5020292366992,3.70741568431919,78.1076355119772,34.1325973975742,21.4865875470304,75.2814875718349,11.9551886293666,97.6089622741267,791,1
27.8844113380755,3.66352542573494,56.7447273553544,32.2001483415897,28.5296749904121,94.0663581066626,10.8430911595385,97.8313817680923,861,2
10.4969905411242,3.52946523274545,28.4393146735641,26.258147884273,26.8848365461719,68.5017987524041,7.54624015063687,98.4907519698726,842,1
83.3915285609351,3.51251175431339,89.0047070336837,25.4219250752813,27.0630024024589,28.5403030162722,7.81903126650017,98.4361937467,571,0
73.6171609462855,4.19140567281522,89.1623669456376,31.9533656540541,28.6506491907544,117.24613900279,15.0490379135828,96.9901924172834,581,2
75.6106451236889,3.7994411936151,88.3520582541406,37.3219126722338,26.507183462582,71.8010431376098,11.6300481512636,97.6739903697473,122,1
79.4143312017351,3.76902865301178,31.4916590243385,38.9346745784679,23.5812473860533,81.4186244319011,12.7023356583352,97.459532868333,659,2
16.6640186560681,3.97575309788515,50.6115409762889,22.1181160880751,20.5184538876109,43.6609782707507,5.57752159310306,98.8844956813794,208,1
42.2619155689845,3.65277772150554,98.6490690526788,23.0965722519544,30.371626618264,68.3498085106804,8.96374176693698,98.2072516466126,395,1
20.4282153572617,4.16497282876516,79.4811228678991,38.8947251756616,19.5254486000637,62.9149491958322,8.20905945963218,98.3581881080736,105,1
87.6793083288034,4.05044151009089,12.4450679103004,34.7307045666958,28.8470861230883,27.4895842001984,8.41129932812483,98.317740134375,649,0
66.0968314144802,3.56258770161858,15.8684132134443,37.6598764965955,19.6666564529865,30.6160353547467,7.73917167511601,98.4521656649768,780,0
39.7808222367384,3.79230654304945,51.75382391311,24.0526526827069,27.5066033990891,103.747251961877,11.8372780761287,97.6325443847743,967,2
15.7202515257421,4.11538281529352,91.8298185275404,31.751717422188,29.9415653425806,43.981995220659,6.03876471578476,98.792247056843,894,1
37.9884089544096,4.16131241560399,58.4831618157443,34.0227918883495,19.3742777781308,39.495827149863,6.89187897129321,98.6216242057414,302,0
39.2664989824072,3.82718105787491,54.8031257230861,33.6022377089395,16.1988660172262,70.4911451250139,9.5176989283185,98.0964602143363,424,1
75.6645560504258,3.9293879724475,19.4926329960968,28.163033817334,17.6194748598835,96.8747131362513,13.2642722547423,97.3471455490516,924,2
67.3801724219692,3.61692376226445,69.1102094251865,20.3078978338262,27.1199393454205,26.1946518578988,6.56729116761467,98.6865417664771,884,0
89.8491468318694,4.19381803829588,83.9892844540203,31.6585211360853,31.9889281245147,77.6807919638256,12.5487827287165,97.4902434542567,343,1
52.4993432645754,3.66217019096841,44.2378006756806,25.0620307835922,15.8999364247085,31.9210442840573,6.53815572607983,98.692368854784,426,0
20.7634821344471,4.15991224189459,79.8050665832795,29.0050849228578,29.6830251808329,23.6461050825618,4.4589371097454,99.1082125780509,146,0
74.1920308500696,3.95475265429466,96.802898851073,39.1516203016763,21.826372919001,25.2743952162217,7.77338215893911,98.4453235682122,860,0
78.4706543755208,3.9254157564152,28.338981321492,27.9807063528487,24.5705673983905,103.416410820844,13.9406022714888,97.2118795457022,690,2
60.5149477812547,3.85888195771156,57.0996668075267,36.7960321332885,33.5771909969113,31.7972483628062,7.51531969262767,98.4969360614745,721,0
79.3870461959105,3.66146886820243,35.8424162276118,23.770812114985,21.6394300947169,24.5151364412292,7.20082095231387,98.5598358095372,112,0
54.4416036727952,3.62356962240386,81.3568977130455,33.4492099605006,24.3067386787897,63.7899887142912,9.71037307452239,98.0579253850955,479,1
57.0459546443795,3.65434034634912,61.9834029293042,39.5401390887789,15.2736482952136,104.399347194202,13.5292502861748,97.2941499427651,464,2
48.4786916522695,3.63050678350098,67.1124175795273,22.0378620174587,16.6319744000968,46.2408376489302,7.37923082089726,98.5241538358205,701,1
12.2877214069686,4.04570913149673,81.8122743654305,20.1663988445438,20.1718318226957,62.1712617525916,6.80364449195826,98.6392711016083,441,1
19.7102284293974,3.74508768141671,45.6373425396209,28.6716558526523,15.5570448164215,23.9922532563751,4.41844865213375,99.1163102695733,959,0
12.8286267118061,3.54048987359438,92.3581061566339,21.8525096610273,27.627506520965,64.9078514134876,7.1430444364323,98.5713911127136,891,1
67.2769370137402,4.17837184109857,57.9725980521526,34.9676869935246,23.5279671360324,77.7613080637134,11.5923402056727,97.6815319588655,320,1
38.2920382968694,4.1186501194744,24.2159340551813,38.2909732769712,25.9629040545604,77.0907053752145,10.2533760266266,97.9493247946747,172,1
55.7713622048233,4.14942659823665,72.6309206351922,28.6804194541752,18.4929437179266,53.2426692174365,8.65947818440296,98.2681043631194,845,1
91.6809826533484,4.19643547585251,81.3935215394429,25.1742328431088,20.9186405887323,51.5533180663136,10.1388706136823,97.9722258772635,871,1
32.4363006233987,3.62172667445364,38.5085509360774,28.6880663801322,28.2764894970545,30.6623618936598,5.6114151746482,98.8777169650704,724,0
46.9344630732067,3.77736941323186,87.1461331298878,34.468956357,34.306054472608,56.6798320646268,8.79349031022924,98.2413019379542,145,1
77.9996024688744,4.03076693299286,91.552892928919,20.1810832316074,16.0083354720442,29.9494668872965,7.4048231922988,98.5190353615402,603,0
30.591834894246,3.98721443263766,34.9214038640028,31.7890797896939,32.8076864171053,96.6595944712052,11.1740119401308,97.7651976119738,373,2
16.9281918845914,3.6077271344379,98.51693254437,32.2658336977476,26.5376240262242,116.627429774819,12.1786537603518,97.5642692479296,654,2
36.0776307622391,4.07108318749343,22.6640375243883,32.7537649379187,26.2783913351125,117.007445666671,13.1921902572305,97.3615619485539,307,2
24.5099158528604,3.65710840028566,28.1814101562241,24.8404415996175,25.0055707041552,106.507109937539,11.3431103674188,97.7313779265162,960,2
93.6727887108316,3.65667233037584,26.5802355314224,34.2810544675625,16.3878817180837,80.0792149339619,13.0709600700832,97.3858079859834,714,2
82.7308341607975,3.87588209602539,90.4590739007083,21.8278297266355,16.7975370347232,90.086569724388,12.7351473380707,97.4529705323859,223,2
67.0063380859381,3.91505795438919,68.8863297092466,23.985406729336,27.0182401131817,48.5205802680414,8.59296892976716,98.2814062140466,109,1
88.4314531168946,3.90606034548647,23.6893854900046,37.5494009330896,21.8191714287112,83.0770420172621,13.2221295372711,97.3555740925458,428,2
82.3304869209203,3.56404078617843,49.6291076531514,34.7744630145313,33.3453613315536,65.5649549439877,11.3189937421049,97.736201251579,286,1
26.7913052997432,4.11422260384127,65.3768222562822,20.2749110802269,23.1318107471894,68.2017339776933,8.03678865047294,98.3926422699054,642,1
90.330309864098,3.68592002981209,17.5117676490445,24.967525207396,17.8656291740528,95.7776560375158,13.7463630900344,97.2507273819931,767,2
58.5408017724086,3.59066044489796,89.4174731566605,24.2881296598633,29.2943766700407,48.1918355597252,8.15743286825736,98.3685134263485,159,1
82.6696139647656,4.12212365590828,82.3243181897382,25.4161265607395,20.8670684288202,51.803961169452,9.72128379039625,98.0557432419208,860,1
90.6482169931144,4.16895604876083,55.4686096218974,24.9511954055977,25.5094061471179,112.464179112864,15.1519855460076,96.9696028907985,998,2
38.6203127474677,4.10348933208582,97.0413953733253,21.2505259148569,28.9566557101034,25.6224294850972,5.12874439020767,98.9742511219585,985,0
19.9046732074909,4.06666125230742,47.598488134759,29.1788103319364,33.0052822240414,68.563429841334,8.16779333041587,98.3664413339168,881,1
30.5141646287748,3.95866938644732,98.5699287132848,34.6546694957233,30.8438238960335,111.280080040786,12.5317817096238,97.4936436580753,541,2
48.4397009763631,3.8856001594264,70.1127998923264,32.1346344943487,28.5272213574545,81.0363007818157,10.7817418386869,97.8436516322626,316,2
83.6213289330244,3.56089073193799,67.1204145928547,33.4574333719616,28.5926636479029,74.6407074212132,12.0739970670171,97.5852005865966,101,1
87.4657524930709,3.78591724914949,24.9359405766207,21.6229835707248,33.9184928806417,44.9744179229355,9.20230496343441,98.1595390073131,635,1
10.6256917478072,3.76088196190862,89.373498247418,39.0298142035357,20.9164819499307,54.3275489064448,7.01007103977088,98.5979857920458,817,1
55.9672572319809,3.68182764863223,48.4740719128554,36.7698366768605,15.0222418839237,105.204841580469,13.4039248271478,97.3192150345704,931,2
47.5669902833901,4.00639407958201,24.6010065204231,36.1018063699133,20.439091187964,75.9218131768458,10.5102575974023,97.8979484805195,810,1
29.9897029423657,3.84711301455514,11.1346767978183,36.4596761008354,19.3578275925349,71.474219375678,9.27865390013322,98.1442692199733,455,1
20.7878830600315,3.55673235113535,60.3780115274544,38.6542101626552,28.23669170228,29.9579713540029,5.46860227396791,98.9062795452064,725,0
40.3853654263265,3.65412824136487,57.4659659910409,30.885079322274,27.6742319953106,21.6028156455123,5.36375687455605,98.9272486250888,891,0
94.8618733521267,3.97828113456172,74.7418260132243,24.0056403573525,26.8692276540945,116.368518868705,15.640752257866,96.8718495484268,766,2
39.088263881868,3.55329160164321,90.1232247716022,32.3356721570508,15.3248688641891,57.6986167286842,8.37941486266962,98.3241170274661,264,1
56.691155956903,4.09584483983414,17.1465926178727,34.8576298733588,29.5755610890129,80.3213062099504,11.2708814756756,97.7458237048649,833,2
73.271706300566,3.84660256890978,75.8346841306326,34.7583478670805,21.4706082497098,27.9715073187285,7.7324616516097,98.4535076696781,190,0
42.7266642141365,3.83641060412865,26.8670749687824,30.4289804833376,28.3011197801326,88.3114285723046,11.0170679492324,97.7965864101535,266,2
97.4603874448865,3.91468544926166,87.2359347841448,21.3691743866716,26.1315685700431,113.256670870596,15.3795339974609,96.9240932005078,306,2
96.62025654479,4.07727667614761,83.7157162475491,27.4222587686026,21.8546185085581,77.566525299742,12.6660028739815,97.4667994252037,381,1
32.6604066242828,3.74346644553154,58.671437948699,38.4153321692671,17.6915253420822,32.6115322375411,6.27141462613925,98.7457170747721,164,0
54.7523655303147,3.97461130679134,73.921851876098,31.6889781951485,16.8883779532096,78.1721527473477,10.8364132485521,97.8327173502896,987,1
37.0790478835093,3.89601237479705,38.2915101865373,30.7666388651143,31.6303666622445,96.6347213104652,11.4451777799699,97.710964444006,615,2
35.6356444939721,3.68691978911859,52.4051109039533,25.3770702876439,33.3679508416312,60.6416536574019,8.10410687719762,98.3791786245605,256,1
13.319825261908,4.11504099044861,83.9473207939425,27.3689783983316,27.995760935286,107.983774794147,11.0330880825242,97.7933823834952,860,2
64.8607900581907,4.05819821512485,51.3338677455893,37.9069217830634,17.0686822972097,84.8682953357364,12.2107435367074,97.5578512926585,868,2
55.2411120905975,3.9609162842609,42.2018438792898,33.3292609505367,23.0405443377648,109.92489182892,13.5889263044667,97.2822147391067,846,2
14.633087612499,4.09540721036597,54.479120252527,35.7477405350467,29.5787840021031,82.3505311247337,9.38158566777176,98.1236828664457,405,2
35.078181781295,4.10710594067186,84.5424327193497,29.0869084613531,30.5964176802014,33.1287972004824,5.96898761217261,98.8062024775655,977,0
91.7439297369988,3.99585408370052,40.1687242633786,32.6049443891232,17.3643724458218,50.9691711105189,10.4648746321827,97.9070250735635,494,1
31.5605701600275,4.08590932985457,25.6385433822169,24.9676721748641,15.0006143769076,40.1794948252457,6.17470335218172,98.7650593295637,173,1
23.0405384882101,3.9882300231685,74.0812618297703,34.1092166056697,29.2427409176121,110.882649771686,12.0977085690012,97.5804582861998,286,2
54.0507484249807,3.97609854023221,84.3380391437274,28.5520266740667,22.1319235197241,96.0400067287483,12.1334726490147,97.5733054701971,673,2
98.7085408699541,3.93302796475063,19.057373067118,28.8509102962949,20.0896266323652,87.6398368910006,13.6812922992292,97.2637415401542,436,2
31.784974436035,4.02690164769035,31.588670148035,32.9864464915376,15.2579493957905,50.0966319631622,7.41329037664215,98.5173419246716,775,1
70.4921992665291,3.61102357370515,22.7774790784894,38.7256124293785,25.80598813523,38.4044772050213,8.66126368521383,98.2677472629572,667,0
78.5457653795846,4.11660953143925,41.314727042395,21.2801269321724,32.0230147085196,95.6451087988912,12.9617203488288,97.4076559302342,722,2
31.387378959316,4.11029046942166,50.5315881014871,36.4948647469402,34.1526329254518,67.415794587908,9.01209506763847,98.1975809864723,829,1
75.5394713750674,3.52047309812419,77.3943703266976,25.8476622082439,26.3148990122658,42.5789552150629,8.61760294708747,98.2764794105825,339,1
43.1004819447328,4.07807172539533,68.6032826393507,28.8783890901276,25.2892265547979,81.6621978165275,10.4041267031203,97.9191746593759,632,2
66.9075247534222,3.59020890723141,65.8835710730588,20.4382665755002,16.7011277097848,24.0333852138452,6.37007166759988,98.72598566648,240,0
67.0176739684805,3.7345831979814,41.7137451948689,26.0209215566863,25.977456030852,52.6170254128254,9.03668189399379,98.1926636212013,364,1
58.2197215667283,4.02045577940413,85.7302797776284,30.0526248526026,22.5995815793079,66.8556994591135,9.984925609226,98.0030148781548,238,1
18.1260793048968,3.61253192723382,52.4158450658348,21.1235215469488,27.1427056176715,34.7958334109406,4.86213282683733,99.0275734346325,558,0
85.1772246030314,4.07257691688334,98.1194444213639,29.8219145876633,22.7745269575309,118.465447759084,15.6220776061251,96.875584478775,169,2
38.8702058474562,4.08249392457042,67.0727924466163,38.5422125771685,19.8059824690073,40.9097364589614,7.27976562614469,98.5440468747711,484,1
26.7866659359869,3.85522741363259,21.3638267408052,22.1078643621561,16.8993055045675,33.0353130043266,5.1976692652677,98.9604661469465,729,0
13.6697627399288,3.50447011020178,70.8559805867891,35.2888145615101,21.2983688917779,40.3534873886896,5.81071948079608,98.8378561038408,297,1
63.1803648869418,3.70092669322244,39.2593613888529,28.1934210675199,16.932896685755,96.9061133159724,12.6441987407208,97.4711602518559,304,2
70.9807925658054,3.93184884286302,71.7694477017488,33.1034742904868,18.5379390164797,62.5505659271843,10.4167605034133,97.9166478993173,825,1
11.4929046035071,4.1868303246192,16.2677033346165,25.2047319597046,34.7467231715909,76.5415939752538,8.21334799276507,98.357330401447,667,1
56.0883752469353,3.94226946891167,25.7393293458363,23.1898452508272,23.8820711381324,22.1009156986361,5.80565399977446,98.8388692000451,898,0
30.3846197678144,3.68186250674491,87.0163533015208,23.2092522854245,25.6374353301003,23.4431308573315,4.6332878407729,99.0733424318454,904,0
68.0655511368505,3.94380399216973,30.4461601321163,21.4098389128629,32.4723705747443,64.5825549827016,9.85564908437747,98.0288701831245,786,1
25.6929786104492,3.8779897658011,85.3337012718646,23.7129340980249,34.9113780098138,101.665524320162,10.9424226621039,97.8115154675792,958,2
72.1843964292219,4.0458917766058,35.1348479608969,33.2843876997794,26.6542889868936,108.523887870757,14.3170965290131,97.1365806941974,981,2
44.8061811670484,3.57488644717887,67.8593719052837,37.6338122368702,31.2494764208834,28.670656759564,6.51122106682626,98.6977557866348,739,0
94.3056989863061,4.03271953175142,72.4735516158848,36.2825137118232,21.5388204867335,73.8363102101023,12.6824364857483,97.4635127028503,530,1
22.3768849731394,3.87888660507328,56.1389277830548,33.7026861974897,21.1148791489458,111.322968627927,12.0808926108587,97.5838214778283,989,2
40.6959715945233,4.1740944027013,37.4779609027058,22.2086372682221,23.0540744198912,58.7972754397886,8.04500339645299,98.3909993207094,424,1
20.212616911653,3.73931051622708,29.1379938733986,25.783748925919,28.450145253473,102.956583142837,10.8795335537817,97.8240932892437,541,2
93.2224256450706,3.94283532519376,12.9870419106184,26.1961375064494,28.643833785102,33.3695654399436,8.7517252775713,98.2496549444857,903,0
88.9605418042883,4.15241967385701,37.3551761116651,24.9991389279524,21.304788692989,113.53944896678,15.1596047838437,96.9680790432313,387,2
33.214746494364,3.57175680959348,68.7846511478155,30.3001131941945,17.6641984827326,95.1423317531303,11.1042706305221,97.7791458738956,325,2
69.3985641430761,4.15605994106552,94.4474336603635,30.7110762975935,27.6479251293102,114.13343927869,14.5166019619243,97.0966796076151,163,2
83.5499980181094,3.98152000561057,88.4084034036747,27.1377195034222,17.5665172437753,87.6617233552507,12.8395294890141,97.4320941021972,659,2
59.9680730439516,3.54748594137362,78.9458298881772,27.0757831747287,26.5698501645866,56.3403931999427,9.04722557759591,98.1905548844808,813,1
57.6685520520406,3.71067449686277,80.9602608927969,36.5711119581216,28.8684425611262,113.818117252472,14.1968263048808,97.1606347390238,597,2
31.7667061810406,3.9957204620517,69.8486413128396,35.7858569663937,29.012229927889,47.5566776309178,7.34068462661487,98.531863074677,948,1
18.3792491025309,3.54714542102814,33.4258171809403,26.1559166336149,30.0694422131919,53.2172522061733,6.6615293039884,98.6676941392023,159,1
90.7494182157994,3.90751932212339,91.6475527635247,38.2757688774652,32.4571884313133,90.080841800174,13.9579961713444,97.2084007657311,496,2
91.0376251446997,3.74211813986707,70.3659080715251,39.0563003400501,24.9991798392958,96.5316299525386,14.5489987702824,97.0902002459435,356,2
66.9791311545941,3.93464086243723,60.4396567882396,26.5348508406008,29.6049837905914,112.940348384915,14.0873947985027,97.1825210402995,676,2
40.5126811943831,3.53201942366876,19.9890522292133,27.0884989758611,27.3834547073167,40.4802409056209,6.75341241731396,98.6493175165372,338,1
41.4288617151395,4.11007576430666,50.2349989425783,30.1126830684392,18.7327987959537,99.7998035219224,11.8937275326725,97.6212544934655,900,2
75.3360110983216,4.18144227842418,51.4322444081734,38.8224162506735,15.5137928973882,93.8546053396964,13.5291384790911,97.2941723041818,137,2
90.7399233957319,4.17821449869998,87.8107248570403,37.5263886628462,20.6908277135387,26.3794556253598,8.61160357170889,98.2776792856582,124,0
89.8377781838606,4.02475628222005,59.198339816901,22.0513592516718,23.8606741267524,58.7223141210207,10.4879830485283,97.9024033902943,509,1
80.1887991271861,3.59106036809144,44.2360494073369,27.8546148654283,27.3421188885731,48.2765457060099,9.42521617513154,98.1149567649737,560,1
67.7828481538859,4.03078423715032,97.9120295659594,31.0674237949954,31.9991866100641,50.449042435403,9.14660046706099,98.1706799065878,670,1
17.5725968495544,3.51721084152116,19.9648533993684,30.0626494510308,18.9249143341233,118.29468795547,12.2396529779851,97.552069404403,516,2
24.5465842685152,3.5154864860703,48.029358548075,23.8772613587379,17.5109957979695,84.2777413479928,9.44433739369539,98.1111325212609,456,2
90.8698769674371,3.72652715340468,13.7822207654265,37.1763354233631,34.2695989494865,91.76761577935,14.0496119344858,97.1900776131028,482,2
64.5786153693631,3.84205023328327,76.5913708690237,33.5388156599367,17.1608911875281,117.661763731501,14.7110185290901,97.057796294182,908,2
10.8277346454967,4.03928519246546,92.6268896979236,36.7581674970361,24.5698214021438,57.7201782457639,7.18930996094029,98.5621380078119,257,1
19.1324388579429,3.97830676362455,35.203359659544,37.1752855869894,26.711274575866,100.184016845281,11.1640542926867,97.7671891414627,668,2
69.715159219725,3.81213189446372,87.2507509119209,34.9671170733148,25.8274884181488,63.4530963304495,10.5218718421895,97.8956256315621,532,1
10.4555425461597,3.69153866639717,36.2996407415708,28.7842120249943,16.7206431406589,106.953367181498,10.8747683270159,97.8250463345968,147,2
24.4727246275749,4.1979871501104,91.9693145479524,32.2109351003085,16.1405382800724,38.0657541311303,6.00632916398836,98.7987341672023,427,0
59.3860410429928,3.79832691156518,77.8565713237106,23.2073081223949,17.1096685492207,114.768617706428,13.693718933805,97.261256213239,532,2
72.2705677923424,3.81597091703077,82.4416099157295,33.4729083494982,26.7117536774523,41.877170841088,8.77693804384936,98.2446123912301,530,1
68.6765133552341,3.61453667483417,11.6205900040409,23.5850651147856,25.8868977526864,52.6220506980932,8.99824981500874,98.2003500369983,155,1
30.1842378514504,4.05636668412495,96.6529321366623,33.8789918102031,19.6748158407349,95.619223410678,11.1714301006392,97.7657139798722,676,2
74.0961299212782,3.98557755804704,75.4003892863291,24.5919632150794,27.7554828369118,59.3755141565407,9.88236416986294,98.0235271660274,367,1
31.352417874712,3.65453872895213,37.427598584752,22.3510260030044,31.401350041113,80.8211376766447,9.42026700027288,98.1159465999454,168,2
39.2859728343341,3.55766673193109,84.6455198372962,23.3056898028591,15.8315791969319,64.4573501069428,8.5010289741049,98.299794205179,827,1
77.1842264606222,3.9763495114523,35.3369078573437,20.0398427043814,24.9625988709608,94.2369937089782,12.7142862673317,97.4571427465337,700,2
68.4669609142493,3.95815784999679,88.5478455609515,34.3747923570706,28.7862082420538,42.8331252368611,8.71151476663775,98.2576970466725,548,1
86.430106944476,3.69128166889875,20.1322351370743,34.6480209811676,20.0462385413937,25.8457987236877,8.20772295658949,98.3584554086821,892,0
69.1851603070309,4.16560449357529,73.3317379714716,30.2986669982652,21.155418105863,49.9929397473066,9.14026967754036,98.1719460644919,356,1
61.1477743001924,3.60574052424663,58.6628628980419,23.2272560211077,27.2727580597877,67.430866486843,9.83799038996859,98.0324019220063,771,1
18.4307291045283,3.80263436072982,18.6881023175897,21.6710867502138,32.9587058688747,36.8020052192679,5.07192456100943,98.9856150877981,589,0
43.094422275349,4.16053114411732,31.7704445432955,20.3825793287457,31.198488406058,55.4797289656389,7.79716082734131,98.4405678345317,845,1
33.8682130913553,3.79380912184829,11.1163632649583,23.3149635393044,26.6626043819917,59.9983018293569,7.85901731731272,98.4281965365375,742,1
31.9590679041175,3.94696816336486,52.1891168918055,37.8171106996629,29.604434355145,25.7391843688274,5.63374096092464,98.8732518078151,148,0
97.5709499277201,3.77831607857396,37.1138734684,24.8307368340336,22.296449404156,78.3307248184205,12.6476447396227,97.4704710520755,758,1
45.3787952200084,3.69195064164407,63.8521735867983,27.0854265443443,27.8193105619752,108.434342797129,12.6594063213117,97.4681187357377,415,2
90.2841899659402,4.18878435357188,36.7514026937755,22.1069096896267,24.3236318225511,35.1742912953052,8.55074592405378,98.2898508151892,512,0
66.8024763397537,3.78653380442053,36.9927200356286,24.4472260949634,18.7987227291512,79.7808013401514,11.2108852334151,97.757822953317,533,1
81.5330173187484,4.12586944257539,76.8873878858443,30.3844914156041,29.0347654775451,86.4739204910846,12.8020354776413,97.4395929044717,101,2
55.2373383794673,3.66096822412376,14.3328552380518,32.155053661913,26.1292927469764,61.9334680419288,9.53074193889642,98.0938516122207,940,1
61.9213496163723,3.64917329281756,91.2605495672789,24.9070462833242,22.1724316390718,90.109758736427,11.8505663563537,97.6298867287293,244,2
54.3265924436978,3.52179385801916,86.7037486952063,21.1546431845023,33.2267838015726,61.0731543491012,8.86349131050177,98.2273017378997,465,1
27.571868901824,3.95616677776312,70.1024214903766,27.820657382548,15.4186823565347,70.4637287977435,8.64160371403056,98.2716792571939,519,1
75.0206903735355,3.75796844060663,63.3899413096646,24.6840674185267,21.3154630249899,20.7353044554427,6.71317992755667,98.6573640144887,672,0
35.269512619677,4.10505077488775,90.3072248325687,24.391078464596,16.1376279555529,89.1720114134689,10.4140305053361,97.9171938989328,884,2
12.1884369788308,3.83124693468409,26.6797161575843,39.1972560542691,30.3305463244325,86.1342678944724,9.7471403095277,98.0505719380945,660,2
68.0925066316451,4.17773539954031,17.1072245971746,32.3260097185145,29.0421490822759,23.8400877326345,7.00759979522752,98.5984800409545,943,0
25.9399611466344,3.62986786099218,31.5559152918584,31.1375688634419,21.6270443747263,56.8250107395133,7.58929406212993,98.482141187574,543,1
94.6412725917623,4.10803621756893,81.5120450830171,28.3155020704664,28.5132580441415,117.903184079167,15.973104073042,96.8053791853916,533,2
95.8535719302329,4.04361779695422,13.1203240053835,28.5788866686029,22.918744523919,62.0736562568617,11.3944276180136,97.7211144763973,742,1
92.3377951198404,4.03964529125084,62.4526151575141,30.8181000767616,30.1250758284487,70.1945405131842,12.0073398025954,97.5985320394809,654,1
43.31428302299,4.09134825968182,99.5893764572179,33.9285961407221,24.0836732547341,110.993015815972,13.1115619428499,97.37768761143,156,2
11.3910954875981,4.0327167936601,87.0126484453786,34.0429219236366,23.2455945566333,91.7261875865756,9.9155498361097,98.0168900327781,661,2
93.5486706328953,3.93835422514199,56.9301120139231,23.433878154109,33.694598309766,78.2070131124224,12.3663785320521,97.5267242935896,277,1
48.5365733485583,3.59187141437767,15.7276818357978,30.0022550415325,20.017581997814,99.7804681341072,12.2419804306801,97.551603913864,392,2
96.9989337139303,3.52276832564388,84.8236162947139,28.239161900682,17.4089467999313,106.436626645597,15.1316236678637,96.9736752664273,145,2
96.7257979380328,4.14459349347098,63.908065735949,37.4105393253877,26.6908622651892,65.6888071737267,12.1808841276482,97.5638231744704,269,1
86.7708509920624,3.93165522016452,20.343969735361,32.6283784243675,34.3864362456836,67.5108364931836,11.5958645119201,97.680827097616,370,1
36.5004002862627,4.05757610368332,18.4471556341021,30.6500813283196,22.5567842745437,58.6050935651836,8.24128187782775,98.3517436244344,516,1
44.6587955741733,3.83706564605878,91.8664137492933,22.3078928435783,16.2407352725756,116.670614001846,13.0708855877081,97.3858228824584,947,2
86.6023004365171,3.58211573227368,70.2280236644271,32.1127577864682,21.7861053461913,89.716625429035,13.4121383635689,97.3175723272862,238,2
38.522980464065,3.58763005454179,84.635811938508,22.3440781136047,25.1186330863912,28.3223066208072,5.40354514728409,98.9192909705432,346,0
25.2543472017483,3.97989570106028,89.1081010254041,26.744131511315,18.2384601326443,106.295962331302,11.457920796595,97.708415840681,247,2
60.1121136212515,3.80121412642962,61.459511684349,22.8568392962866,28.1620443611298,68.0559940836268,9.81978048617914,98.0360439027642,329,1
94.2539296744703,3.64036730869024,56.5701716579537,33.8414729404874,34.954987780204,26.8753906422487,8.64438601760195,98.2711227964796,891,0
72.6426817007476,3.84411618271901,48.7384669288891,24.1250422767231,24.0347895196289,74.9717255163311,11.0860299919011,97.7827940016198,736,1
61.3055053080428,3.54494625595259,38.5251929012007,27.8371874637605,22.0945711346042,61.7164278975702,9.60017029672102,98.0799659406558,803,1
18.7458844393692,3.90737998134008,49.1136364772841,37.9134955523756,23.0140833366893,107.774940486263,11.8142140401091,97.6371571919782,473,2
65.3506504029253,3.68829538310457,79.6491690157141,24.0863276679794,17.302923567904,40.3994603609387,7.83847060029013,98.432305879942,179,1
99.1048465093837,4.05829137044603,64.1731087913618,30.1561012791756,32.6654720285245,102.646460949218,15.0169191351962,96.9966161729608,705,2
22.6075613712872,3.7172533712465,90.3270960959361,28.3854332233204,23.296513110427,75.7688691185453,8.86372215627582,98.2272555687448,837,1
56.6496687127363,3.81865410435726,49.9042012941269,20.3624808209146,22.7454882284968,25.4610303213469,5.97236000346145,98.8055279993077,164,0
88.963576473516,3.50813437793567,64.6380620846879,35.8551622714563,28.1938054586095,117.184530132548,16.0063144482943,96.7987371103411,187,2
76.6691755978784,3.55071282145619,66.817679778279,21.380918126292,23.8406684186225,71.26152441032,10.8409650537352,97.831806989253,187,1
72.7314166895741,3.77474548948468,63.2527446075693,29.4851004195391,27.9646693761569,49.0876854231582,9.20146630738551,98.1597067385229,812,1
73.2235675588398,3.83595718430199,73.2370395776965,31.213565898779,16.2289258026157,66.9406841989258,10.8002470227914,97.8399505954417,825,1
42.354203609778,3.92001438368351,31.3690121537326,32.5685291322917,31.2744668744445,105.785778351749,12.5616181664159,97.4876763667168,303,2
36.4232659838044,3.70416380509651,56.1127399791212,33.7726325861575,33.8100790575881,50.4903124385064,7.71732096504029,98.4565358069919,481,1
82.8425039930662,3.98648732028858,19.3802322527513,25.0654476704543,27.9753077231877,39.26763964867,8.66770088723186,98.2664598225536,700,0
82.9102055211263,4.10208567803244,44.6060194880331,20.199575533169,34.0913185771762,32.9071246930881,7.89774944380544,98.4204501112389,575,0
88.0365086722093,4.04589569222535,53.8900361759138,34.4688732470982,18.0286462873993,49.7859398390211,10.2740974158838,97.9451805168232,672,1
92.1916497300824,3.52773317774385,68.7001833590925,30.7131319869516,24.5483237896071,98.0048087040044,14.3123064778521,97.1375387044296,882,2
56.0208158974844,3.83635486308048,95.5477947327583,36.722354064145,27.0361346789089,67.1626365195262,10.2340448747087,97.9531910250583,705,1
55.136466521848,3.57345112489272,64.058595989352,36.4277672580139,26.6347329484237,42.748160369354,8.14055838643926,98.3718883227122,918,1
81.8465661070098,3.66943151110377,76.9234524558904,36.8665233557577,23.0292355817809,36.6184999609749,8.98719613655295,98.2025607726894,638,0
68.4967537699989,4.190663815287,55.5639453545683,29.7018931995908,21.7616881873252,53.2729476510379,9.34934465273264,98.1301310694535,313,1
73.1770189531933,3.59974688003106,67.0693628238698,26.6725679167373,17.5364804510084,113.992437288571,14.4918491175441,97.1016301764912,173,2
81.6213402492491,3.84922170741595,16.3838994520396,35.8311640518274,22.8348490112456,54.3026712590024,10.3978478199707,97.9204304360059,160,1
90.100480763581,3.93270901402268,32.8952422757662,29.0258822605851,18.2532163021097,118.812407595464,15.8573521174969,96.8285295765006,797,2
40.4195641166382,3.99172547938087,42.5667783884625,23.6688439280687,29.6873135298444,68.5230455765356,8.91467420027998,98.217065159944,642,1
43.802465737595,3.89175407844084,52.5244019505862,37.0994803912295,19.1766187098918,37.9163918290151,7.20479662552581,98.5590406748948,318,0
18.4583745856782,3.50683959319343,14.1083870952145,37.6511975354469,16.1713061056907,109.114009179351,11.8983127043355,97.6203374591329,111,2
62.0452126896557,3.72852291577079,22.6021687797986,29.3261951228034,26.0473227563447,66.0355373134827,10.0715318334132,97.9856936333174,913,1
13.2348046417068,3.8623981503693,34.9132877012175,21.5139945461957,26.904594654388,90.9671343504524,9.3180344885995,98.1363931022801,514,2
51.9038216319214,3.56150654940138,97.4379421810946,27.7565217983386,32.4382612256101,118.371158320915,13.8472803649226,97.2305439270155,131,2
58.8380171236819,3.74543885184643,39.8212306392746,36.0707531892521,26.5396322483536,25.0175350319974,6.83023310164648,98.6339533796707,259,0
35.7887126915456,3.52324217615396,53.3836952300874,38.0354805709246,21.9096170744689,29.6694559787567,6.1636643280199,98.767267134396,336,0
63.174993451211,3.55500494800851,27.6487941464554,24.0694548499519,31.0602376305264,92.0456741462756,12.0326952605811,97.5934609478838,838,2
12.7450224945144,3.77784629334112,64.9702063968192,21.3394722405054,25.8055778637484,48.1825003295472,5.71943309754659,98.8561133804907,280,1
13.3613369874293,3.59290102783014,35.2614893964377,37.5470090626568,16.5856056926238,38.4301396950099,5.74792894375513,98.850414211249,928,0
84.0340504593693,3.89727859378309,28.6293320594584,27.7880987795775,26.3170112062649,23.9361879819729,7.58578979377842,98.4828420412443,657,0
42.4171577270137,3.98262547839609,56.4915365601381,30.8352192853513,33.1603709084332,22.1846711986202,5.51134145050326,98.8977317098994,440,0
21.4354461386696,4.06041068937636,10.4955219244379,39.3613162410152,22.9262525099644,97.4485603119791,11.1605514783158,97.7678897043368,557,2
57.0018934049324,3.64010517097137,10.6897629384303,21.3312945582845,20.926516037996,33.443342736955,6.70360462624043,98.6592790747519,179,0
79.299419778875,3.61723780758135,29.7161928191672,32.9663601490419,17.8693891403604,66.7720615971151,11.1776274628221,97.7644745074356,746,1
29.4238924747159,3.57319748823408,13.3049226250739,21.4821084514973,18.0289104387071,80.5896815179483,9.26110683947302,98.1477786321054,871,2
66.06014282371,3.94550117468055,19.7223178717622,27.50937856933,23.6554296868364,62.8351800568846,9.91474107439239,98.0170517851215,919,1
17.6812718494391,3.99453300854083,40.4974584404877,36.0762909038689,26.9135964832306,22.7106652336233,4.58043357380068,99.0839132852399,858,0
14.6513549051747,3.52211030137795,82.2327111621832,28.6694446551127,16.612308103392,98.3501502587909,10.3618858329136,97.9276228334173,572,2
57.8219168411333,4.15534857237058,61.4843779032371,39.943647078059,33.7913717805033,21.0513224541653,6.64255506714006,98.671488986572,770,0
58.6571609449096,3.53637989855603,56.1400953360775,31.181185698932,30.1026723489039,96.1889894377484,12.5076664520045,97.4984667095991,814,2
67.3686911348386,3.87890743471075,36.4139940887309,26.4232430527191,26.7324783656733,109.330449378812,13.8004674909456,97.2399065018109,211,2
75.3482200350395,3.99634236361564,93.8578347489535,24.4022265180951,31.5687734187798,63.2839921057172,10.2611883364665,97.9477623327067,391,1
97.8266871516281,4.10967838662226,45.7313537113473,27.0104106857232,16.6037351362423,73.5542473097798,12.3713755010159,97.5257248997968,921,1
56.4670313471076,3.9998608524927,17.8383490116194,27.450665475191,24.5367775546625,67.6983392617654,9.83741311292871,98.0325173774143,730,1
39.0660825647121,4.06120965814885,65.5359864506021,21.3742735544792,27.6018625372333,58.9208618623439,7.93208962782156,98.4135820744357,482,1
81.5667575291833,3.73761513477996,20.2454554128941,27.3914839885355,31.5730581223658,108.742453537036,14.5097832039723,97.0980433592056,116,2
34.3749026135867,4.07037757962256,41.0700828521523,29.2847703947845,30.6693912009854,109.393351066999,12.2990962393351,97.540180752133,592,2
49.5074278635073,3.55608039246927,55.6670744846028,34.4547550447761,20.541384994268,53.5816364641535,8.66324551742695,98.2673508965146,430,1
17.0610743208039,4.12637165924237,88.6800272216658,33.1345896944322,33.8176033911841,81.5069754014698,9.30203115088429,98.1395937698231,838,2
12.2815669073912,3.88331466330762,54.4191922306107,34.1753131045831,17.4869168286174,112.690756214586,11.7137403518142,97.6572519296372,972,2
96.6383573210133,4.07210843897375,73.2032889428498,20.1672736375371,32.502672372423,116.205849894135,15.5241023724388,96.8951795255122,585,2
85.2382108460985,3.81662279916281,99.3535155099163,24.3533479916107,34.4188049920924,70.8959040422048,11.3875699454025,97.7224860109195,505,1
72.6376785484328,3.95050438663757,21.8340207908183,33.2336857679971,18.5430704644525,65.2824805284327,10.7337749265242,97.8532450146952,216,1
46.8057649972843,3.86848186265528,34.7258372967568,29.6797873635949,29.4413212840757,47.8694315928526,7.81339691744834,98.4373206165103,654,1
25.5964888063761,4.01211266522873,45.5118468037882,20.1062695133669,15.80571037556,115.887187319041,11.9424035259072,97.6115192948186,979,2
24.0793338403977,3.55714098742141,47.9645360684948,36.0898928486364,23.1084565027831,34.2814304472867,5.86524720505894,98.8269505589882,214,0
32.5218608348136,3.54224645879339,46.9918967738991,35.4561914658067,25.3256659839535,77.9829576047725,9.89748241542873,98.0205035169143,894,1
59.4303998235508,3.6729722638071,91.6849902300899,30.9683832598713,26.6129045181927,48.2550267518639,8.54119138349309,98.2917617233014,648,1
74.3136330430056,3.61168127607923,74.2629380020171,21.3292665155254,33.7187449649712,47.9008290347797,8.77388073082486,98.245223853835,913,1
69.4177639045958,4.11024849661454,64.7114692681633,35.3303009906517,28.4450137458839,60.4968587376188,10.2788081395639,97.9442383720872,724,1
35.1940507251349,3.65344979115063,37.8435446076504,31.6742717546273,24.6255590243847,119.879293581565,13.3333572557852,97.333328548843,646,2
95.9378752596875,4.18310567907339,84.1411345799165,35.6391995431592,31.1935007253178,25.4966306839822,8.70357296380752,98.2592854072385,743,0
76.4107225026192,3.73582705423977,95.955446033649,35.0349398479168,34.0106564190882,77.8541818203532,12.0601316025562,97.5879736794888,435,1
59.8918647260261,3.62748254098209,83.9078454295204,36.0600414391567,15.4413229736458,28.2572158035277,7.15236329188645,98.5695273416227,435,0
65.0548671610917,4.05278895499974,10.1408594672326,30.3601613280925,34.6504254451208,35.4520829990519,7.7250916743802,98.454981665124,988,0
47.7640056185011,3.96109544285061,67.2761233165066,22.8064903638703,16.7226427812736,63.9562941772899,8.85821598055939,98.2283568038881,839,1
32.2957890551042,3.8487370015172,14.6021843297891,33.4231494675938,31.2877355853752,71.0460131346441,9.20644802068858,98.1587103958623,246,1
42.0375410786135,3.88875448565634,33.184649830035,32.4094757010394,20.6066950510283,45.8792408364524,7.54562090868702,98.4908758182626,221,1
78.2061499417932,4.00344124479059,15.3572230312995,34.8450637439817,17.6435931550774,51.6457130874416,9.95637010824222,98.0087259783516,180,1
11.295413976678,3.65991831893191,64.3415907654449,23.3976201210147,23.7971127942767,28.6967020255933,4.12604354035075,99.1747912919299,784,0
20.4465376456225,4.19743374123972,71.7930922143346,23.8995039980058,27.8791315889523,50.3219783844251,6.4108002808835,98.7178399438233,765,1
14.1402377819577,4.18235521350275,20.3038874259315,37.8081903443866,22.6190369004695,116.655843938054,12.3187417344884,97.5362516531023,761,2
13.6655922087073,3.95522798044286,44.5454994740482,34.9995559690414,16.091308165654,114.470738167248,11.9724855894915,97.6055028821017,474,2
86.9914525609907,3.6396797156504,51.0612858059988,38.1645697740065,26.9892227931743,53.4878290136985,10.7151202012247,97.856975959755,669,1
73.3292073442021,3.9761597697019,43.2147719584825,35.1743064232784,33.0480655222135,77.0853936278762,11.848958490697,97.6302083018606,162,1
52.6756446178593,3.55053888628542,20.8922500436674,31.943106119806,22.664307318945,110.959539111094,13.4775657961411,97.3044868407718,603,2
18.8050744585901,3.52145675154406,47.7053011168728,33.0826547405575,19.3266555526165,20.6183822640897,4.31258498196485,99.137483003607,767,0
54.2454287605149,3.68037802195785,77.6060243027576,37.7825584788002,23.8515469186563,101.068357033759,13.0237624481124,97.3952475103775,548,2
52.6124593702509,3.82383606971752,16.390689807993,31.5761350902388,15.9672542209756,114.836955278892,13.7791759962655,97.2441648007469,527,2
25.5881682919014,4.10779075378587,17.2162012673713,32.6478264865678,31.4097516896055,29.1325734333557,5.3395141917031,98.9320971616594,967,0
49.0466484314176,4.00901834883642,41.9294162652386,23.129534320072,31.5268162190037,36.1447686032921,6.62087318784882,98.6758253624302,526,0
45.8654260957636,4.01989456483999,94.7553140457033,29.4784244023221,26.7600092685926,116.074630277136,13.4400783813322,97.3119843237336,520,2
65.4265088246995,3.79784533411365,70.1715382050623,34.327942239162,22.0620577787678,73.7540143640346,11.1338904168626,97.7732219166275,421,1
67.158428578088,3.74215449478287,71.0802961005308,25.4188539663273,30.9956672889157,21.4196634471724,6.41383608115179,98.7172327837697,779,0
14.077360879484,3.75972713408922,42.5727991754078,24.0450836104907,26.0937404957673,45.7631998763529,5.71972221419481,98.856055557161,265,1
43.7151353163824,4.19135469461524,63.4294712087685,26.2765361644883,31.5186461710003,64.994367426886,8.91578085961737,98.2168438280765,696,1
66.3273924142813,3.52807643398874,10.9118065624969,24.8300125598567,27.6291758516604,89.2908911024768,11.99877784058,97.600244431884,748,2
55.2822632722079,4.10692204728571,67.2486441768588,24.2982527407279,30.6881094642559,93.31603781368,11.7553622851201,97.648927542976,560,2
87.084085706949,3.90507278600068,92.1958252818613,28.4970168573617,26.9712598643552,119.542151292546,15.740901069261,96.8518197861478,558,2
69.2824268457051,3.80703079343271,65.1316121510337,38.1567702776707,23.2828213643133,48.7511199383759,9.43455318436678,98.1130893631267,288,1
24.6640984373287,4.0076803622906,88.632873411971,30.1411929347744,34.1589171985227,73.8220101868475,8.89209875084245,98.2215802498315,563,1
16.3511872660387,3.84066825899729,75.1575749919484,23.7584076163065,25.8222764975769,73.3323547859605,8.11650930961397,98.3766981380772,478,1
67.8177350385684,4.11139626665716,20.8502574763321,21.5394333876175,27.1017903708108,60.5645259447237,9.51490225003628,98.0970195499928,101,1
12.386017948746,4.13049130480788,91.2207976557258,33.9231229027585,19.409752788295,36.916189384242,5.39180615792873,98.9216387684143,717,0
62.7198023146117,3.79520464881142,15.9799459920197,27.6559752887278,27.5130157885455,117.745656318384,14.330926906699,97.1338146186602,463,2
94.6207217282462,3.69377945806454,58.0570725292987,36.4366189317072,26.4321529896589,105.331718666659,15.3305102552192,96.9338979489562,171,2
61.7926760088291,3.91464523001535,22.7923411414112,33.1902153728154,18.6967679589405,69.8333028294237,10.5685864715342,97.8862827056932,526,1
44.935293358587,4.13865434193168,11.0535949657814,35.9248290108274,16.1917419470629,80.324542268403,10.736717974171,97.8526564051658,737,2
67.8959396598118,3.64746353230397,47.9830834114875,25.438920788369,27.0871863942954,42.7261053559662,8.22725180207289,98.3545496395854,269,1
51.2427601442365,3.93607660849444,36.5536636888741,33.8471784492212,30.2738453870064,74.3787070391747,10.4527225162708,97.9094554967459,304,1
59.1055110384341,3.94209215406476,53.7400444417843,25.2812396938744,25.4680274184402,89.4970133121476,11.6774219792944,97.6645156041411,924,2
94.7318327898873,4.0131791156907,61.9479898061096,38.7813695890058,19.5354525063929,71.5167028386589,12.6353853554996,97.4729229289001,436,1
44.7492374020697,3.59209737958908,13.9365165078053,32.7274856306675,28.3304395338607,119.028517058494,13.7928792398447,97.2414241520311,571,2
96.5071507441523,4.00107747527746,21.0702965611371,26.4902360035068,16.602114532192,81.1341656247726,12.911049806114,97.4177900387772,294,2
91.4815577760457,4.13632276446595,60.2778156805383,25.3902372458455,23.8366740960391,57.0973712592169,10.601704022696,97.8796591954608,769,1
27.6212021310367,3.62577817620917,40.8850617855392,23.8185317014329,18.2673351679684,97.2152027615838,10.6732535884221,97.8653492823156,752,2
16.2425170787649,3.66628032744671,75.6256138794503,33.8928191778746,18.6891810211977,37.0462511581642,5.59395440934566,98.8812091181309,374,0
19.0700201239684,4.17997656582915,68.7062483732746,24.3743122599585,19.0458789831641,58.4515813706267,7.04318173341524,98.591363653317,106,1
11.6399643086395,3.62668386689664,86.1043926690916,31.9060653185498,22.7341411408796,54.6958950377586,6.73529273450601,98.6529414530988,665,1
18.4998664680336,4.09806956535871,72.3243544002303,25.2927005385071,16.023004112408,63.1807095107777,7.45468747622518,98.509062504755,715,1
71.4706096074721,3.84459449951362,48.6937969651133,33.2393788958774,22.955868818582,98.1779825928726,13.4169979745735,97.3166004050853,953,2
16.4069783614206,3.67306175208222,70.5669960154989,36.2987945708108,25.234148942294,68.4173032163407,8.33673058130663,98.3326538837387,949,1
38.7078067264385,4.10952493089076,34.7843056829877,35.5605048628931,24.6658856993265,99.4014450265963,11.9968693316829,97.6006261336634,672,2
86.0387779872509,3.81171367850187,37.5682148900391,35.2170266186156,22.6556820080608,77.6488903139866,12.5335310897922,97.4932937820416,698,1
12.0944742162243,3.86037214775078,81.0086643928714,23.754448113845,31.7829321614151,54.2069434657555,6.30969140531643,98.7380617189367,869,1
83.3021634330042,3.75146335857984,50.1777564761424,21.7676989396904,17.9065338484101,100.997874368347,13.6699826493303,97.2660034701339,277,2
35.366929729606,3.91506559600445,81.8542306466517,33.9789765697477,25.1139348756275,43.8289670553092,7.11970923624345,98.5760581527513,341,1
20.6348344859491,3.61446671080952,84.0180136301451,27.366944275887,16.2408283391311,42.4382979799796,5.93661376975677,98.8126772460486,302,1
72.7063448827736,3.77375707565623,87.1806103895155,28.6469245280669,16.4231135775582,70.4502924054836,10.938521170999,97.8122957658002,642,1
66.6048562101896,4.1785886256347,92.4971712257087,20.6229818558678,26.4773169935419,46.0849245962089,8.20180228632028,98.359639542736,900,1
88.9724812174348,3.68069340289079,48.7886698461967,25.191528985501,26.3203684977564,20.9087034951216,7.45059246807359,98.5098815063853,561,0
76.1563939423497,3.9597156651789,38.6980136489025,20.6735280774893,32.5606702568891,84.8297527298802,11.9106421618153,97.6178715676369,179,2
82.3132837346364,3.72763304495729,62.3978871934702,37.583715452025,26.1574735132015,71.1093821472398,11.9206318049364,97.6158736390127,622,1
35.3831115314176,4.04143118798062,43.4055181093865,24.8679336643706,34.195820408097,64.5517814493161,8.39186738056575,98.3216265238869,516,1
25.9695589401751,3.59161156250284,64.096675012021,31.1467433914602,15.9738969679986,116.696851461832,12.5805527384011,97.4838894523198,865,2
77.5553276476772,4.17887473155498,73.5027276379442,20.7795864132226,16.9601536956148,77.1199183962914,11.3434055694026,97.7313188861195,483,1
82.6151265340538,3.81765267896855,71.9564516642923,33.3369478261132,15.8813172314076,106.343157778938,14.6595335329199,97.068093293416,490,2
99.1454627800606,3.66523532434253,43.7097598318109,26.4605469150819,18.7055370066708,33.945023620516,9.10905245313346,98.1781895093733,995,0
47.1355909220284,3.55144772313101,25.0174181528878,37.9583837391533,25.8254022188336,76.9206463129428,10.664752592471,97.8670494815058,898,1
43.4816277213505,3.61883053356128,48.7476404615987,37.7623637786807,27.9114436285486,106.79796267309,12.9620297977591,97.4075940404482,787,2
79.8771664667797,3.86384176398921,22.8334729673718,26.505812367235,15.9117031589734,78.3105757279898,11.8450302523665,97.6309939495267,225,1
40.6723186227716,3.7359022235019,90.1087331665427,38.0192179138094,33.919417796912,91.8014178127002,11.5846949778874,97.6830610044225,593,2
93.7681593043208,4.08021835611783,41.1289714664072,39.9231534699756,31.8433075330076,57.2043567812207,11.4515953704832,97.7096809259034,146,1
87.2571476658711,3.80162126656326,23.9013772500991,36.508313282479,20.9322496431419,29.2449517037067,8.62535235605972,98.274929528788,817,0
48.6094624637517,3.67409999081134,12.2902983915176,36.8974269551046,16.5437506045294,65.7900295127071,9.75784693033507,98.048430613933,575,1
77.5783961012348,3.93200149062282,68.1240147657836,24.9801747221818,18.3977414643811,59.4479390838858,10.081923464828,97.9836153070344,718,1
77.9088586676214,3.99474405181981,67.3212085709269,31.5340479771551,17.5388882750995,106.706018237895,14.3643135187301,97.127137296254,563,2
19.2811481952339,3.61692933553067,40.6543749923163,21.3451182793474,17.4656755859789,44.3995302352472,5.73127417666633,98.8537451646667,886,1
91.229761601161,3.61733345140182,16.4540699962886,21.8983587364334,25.3712337733147,116.673422753511,15.379191246339,96.9241617507322,948,2
55.4727135203071,3.52566999885348,46.8666005405709,39.9778522406658,19.916948849868,115.81381198045,14.4236792864195,97.1152641427161,222,2
84.3811719496967,4.01548141054595,38.0095745557054,26.5327849885182,22.1627943305829,44.7631643071439,9.27596153917274,98.1448076921655,573,1
38.8044640927551,3.96466316933526,70.9408575761509,34.9636782409769,34.7901066676864,54.805195547732,8.25550674566427,98.3488986508671,233,1
90.597090564658,3.83224161302487,64.5201324507421,36.1333010605363,28.6862849785069,109.555574087389,15.4661507552088,96.9067698489583,718,2
45.0281510860747,4.09091931427844,42.8134355377786,37.1604654201446,33.97961334094,116.662222089611,13.8312826661119,97.2337434667776,916,2
10.9753886332269,4.06396910706504,29.6103298829491,39.9525659480431,17.8511311006623,64.3439102836044,7.9083902526972,98.4183219494606,940,1
91.4843778777337,3.90974805507773,98.9232369540033,24.8299297051374,22.6427894966514,52.0997045640898,10.157357426151,97.9685285147698,661,1
18.215800910752,4.10778989635928,50.8601459076503,20.807016537194,26.0946360656471,72.6094013251542,8.00192431616015,98.399615136768,948,1
38.7382273831373,3.64408884702574,71.9446812202213,28.2238303598917,16.5351612377748,88.7769206365735,10.7461796068659,97.8507640786268,706,2
95.5055770345724,3.57834373357841,22.6497670820525,22.6016133965789,15.0837488725592,47.347451537498,9.85098048301573,98.0298039033969,879,1
95.55464322438,3.68882472806189,53.7030729693458,20.4485177832411,28.4086866759383,93.6473174619073,13.6041011722067,97.2791797655587,122,2
61.6094099310958,3.53996079926252,12.4783047882519,27.2085365428297,27.8363903360287,25.1657357114641,6.53804196631828,98.6923916067364,665,0
66.8653490952819,3.87181866960072,55.4909606119405,35.6747650215047,23.2157761999922,24.9294492764416,7.20445981220947,98.5591080375581,985,0
50.3600969780488,4.15562398460647,96.7615666405932,31.3236138245014,24.7928815206407,58.6287705145545,8.96991641634039,98.2060167167319,865,1
36.3889694528258,3.52754047846796,44.578604168722,26.2555597842071,23.3088600118418,55.3473192060721,7.74450306235765,98.4510993875285,334,1
39.5798090832924,3.58547693980702,13.509641131742,33.0868401098544,15.4801008968978,51.5633215367152,7.93027592105028,98.4139448157899,158,1
70.5266610469335,3.8165393197984,12.7860211827409,24.6403636061762,21.7074321243492,69.101976266891,10.5168492548964,97.8966301490207,263,1
77.7137076493912,4.15371251226953,44.9188083952183,20.2876289214417,18.5416451079458,52.0733582311571,9.23951334780474,98.152097330439,870,1
81.2421139353264,3.72130927348373,24.4022442816875,35.2870677287285,16.9684837820274,39.2257918468092,9.09527507043685,98.1809449859126,925,0
81.0656328515099,3.85506436608187,12.1016886695367,32.4748616972802,34.134408677787,50.9469549088601,9.92260430317784,98.0154791393644,315,1
18.2085492743821,3.52910100133527,78.0592252555159,35.2460524900192,26.9871945008433,117.490427281024,12.4635990283054,97.5072801943389,282,2
54.4978274232323,3.60384024067346,51.2670707993702,20.7787603337533,29.5731256847321,61.1113416994849,8.85644119613969,98.2287117607721,668,1
15.180288401498,4.19064108607119,36.0320294775389,36.742392556613,21.3072748653223,64.4712776858336,7.96874052172502,98.406251895655,756,1
59.4575994091362,4.17558308750523,91.0074864714833,32.3905240007261,22.8629425898803,77.654498995114,11.0636144200859,97.7872771159828,189,1
49.7377451236039,3.50345798665409,20.4525064180473,31.2679070142528,19.7384798779345,118.334076841423,13.9114556770114,97.2177088645977,410,2
89.893376448247,4.16626824979627,96.0326946059787,32.4922809622906,16.9393134193085,44.1601276435763,9.79929350749157,98.0401412985017,656,1
41.5823511296871,3.94738395647085,38.2570045639618,37.2886649373673,18.5806327488317,88.1282110532434,11.287568391123,97.7424863217754,356,2
20.5360314784845,4.10754280616402,89.9563305077813,31.7387301311781,30.9502809059297,91.5984693541724,10.2469438599975,97.9506112280005,632,2
22.8692513847552,3.8183178989437,64.2648588831515,31.6190075977636,28.5509161036755,80.7324416793066,9.45211642240149,98.1095767155197,632,2
78.5359568545725,3.86091722000548,84.4036623767339,39.8135831413153,25.9385775197095,28.8578339636644,8.32229649676643,98.3355407006467,151,0
65.6396256984635,3.84219260617984,98.5611846889418,35.1346033413714,24.5017974573354,87.6872275827576,12.3459804172215,97.5308039165557,437,2
19.1010408510511,3.96680498028227,35.9564894036871,28.8458761090227,33.4486856731225,26.4094711036175,4.59813510663849,99.0803729786723,270,0
17.5696125503498,3.59775587832942,96.5021936866834,34.1479400006585,16.4546989555734,79.6142649549897,9.22039970713289,98.1559200585734,166,1
73.0872218313208,3.52098151291087,45.0533705412178,27.7846094338358,20.6120162647583,93.9581177221743,12.8734347067723,97.4253130586455,724,2
16.5486705727774,3.71555095911383,44.696071426323,24.57750924967,21.9987570714143,41.096989061995,5.48105807962196,98.9037883840756,399,1
83.9674053361321,3.99327653391565,40.6348393829055,31.9370375377552,30.6485162442558,104.162200754277,14.4754055398841,97.1049188920232,771,2
73.5618004440847,3.64129741648606,58.7266846612827,38.563641962279,34.8502924032394,23.0353805533004,7.52588716642655,98.4948225667147,877,0
17.321390257771,3.97140270332744,23.8730538860638,38.5827904003092,19.8134102951431,104.381286365831,11.4936495633899,97.701270087322,931,2
17.6353942676673,4.17893843227509,59.834033682221,26.8381055621098,32.4861466827416,66.0329050642765,7.72641708017856,98.4547165839643,331,1
98.7975620651058,3.56573050105259,58.7534331169004,30.5535493244339,31.6124552086358,41.7587939931645,9.94745506890736,98.0105089862185,936,1
43.6843716180508,3.97082148275759,78.5711631344383,24.2327179713972,19.4931479528353,33.3778144993968,6.1773390210888,98.7645321957822,167,0
43.3577932360202,3.8106251535132,85.0284965743827,39.9126221899777,22.9866516039845,115.330716758237,13.7744138344863,97.2451172331027,605,2
83.1519610531752,4.10769957806425,49.6397215281182,39.6223581573587,23.1934573858504,27.2665587581157,8.41092919036967,98.3178141619261,127,0
95.2523719645473,3.62400485261317,37.2099924416344,32.9901785941489,34.5644133705312,39.9093419935926,9.73790602740086,98.0524187945198,727,0
98.7400957440584,3.98483816655832,33.3401407585385,36.0882811935495,18.617838027578,54.7822347433046,11.3066050754891,97.7386789849022,150,1
77.8040366733048,4.08668070275368,27.5161453034385,34.302003225674,30.9831594220956,82.0234848961121,12.4405924029583,97.5118815194083,792,2
43.8633626977824,4.16122995363182,15.1882823979122,31.8631643807894,21.6838542834622,74.4801085276098,9.99300206456274,98.0013995870874,359,1
17.5150645028802,3.97827361980275,40.8203180951242,21.066959939778,29.6174069155232,32.5643492412314,4.64279699223552,99.0714406015529,690,0
79.9432224334693,3.8480223348059,34.3222922917705,29.0952868510532,23.4002200859133,48.9727983738215,9.53299199537792,98.0934016009244,884,1
60.2563824762225,3.93249306814085,96.9775647279767,33.4957260433482,26.5671952623308,43.8751771086024,8.34387018502873,98.3312259629943,719,1
48.1799808322279,4.1082334891351,60.193794362504,33.5506322776737,31.6522354665226,41.3542854490341,7.53272110958126,98.4934557780838,685,1
91.5718946585262,3.89942682264718,41.2549335127457,27.4624523684477,31.0833112996777,61.1144336479987,11.0445868220153,97.791082635597,786,1
20.0077734075536,3.52127094178779,62.2420840894326,38.8338397331606,32.328463670794,90.4031452591657,10.4756760952995,97.9048647809401,283,2
54.3362593861773,4.15166408685488,22.5277031211126,23.3471406447356,16.1923465068932,41.7452932217236,7.36294443668928,98.5274111126622,122,1
11.0218280290677,3.98266872572209,49.9639374281983,30.0071889243112,28.8410110607949,56.6678879702981,6.77377484519379,98.6452450309612,885,1
52.1794577794714,3.97355937004407,66.3610889278957,33.8176795310165,17.7997475344353,59.0917426841162,9.22416875586741,98.1551662488265,228,1
15.0672948113654,3.6509726066784,54.0008048613206,33.9427161178362,23.3163713603682,117.645652943541,12.2543049584218,97.5491390083156,390,2
20.6936124641265,3.96121982916286,46.1600920588892,32.9727791353763,25.9717683010938,115.466635687907,12.3055392206341,97.5388921558732,931,2
20.5773622099394,3.77570508395791,99.4463550009728,25.5057642690372,23.0547896949366,100.013758275208,10.6386361802161,97.8722727639568,600,2
68.4289271904457,3.95586308392904,89.2283285934034,23.1241313737324,25.3922335160602,44.1658920819185,8.25814393503545,98.3483712129929,285,1
77.1440391338881,3.57461512121559,66.1065362343496,32.7188065365342,34.9305261759724,26.803731409167,7.72678656761836,98.4546426864763,578,0
62.5031888587444,3.96049171322212,61.2439625064055,31.9860423227888,17.7043462742571,51.6904137720625,9.03199604008186,98.1936007919836,670,1
96.5955293627088,4.19958960803947,65.8594431842126,23.5871202057848,28.5091209067285,46.6794549433831,9.89908705703994,98.020182588592,591,1
43.7383521571334,3.53374842720239,28.118089704019,34.1027829114113,22.9200193277123,70.5925800146394,9.77477175464718,98.0450456490706,612,1
35.7140877653675,4.18402192895492,45.5623968937887,29.1034398346731,17.6601959781466,97.7727910067793,11.3886089639003,97.7222782072199,742,2
88.1739215370514,3.78483557250601,13.5513579601809,33.3552118320631,18.1747352674862,105.832293887886,14.8958144924462,97.0208371015108,166,2
30.1236254667507,4.10952741523608,52.7991433738144,36.747341595403,33.9854621249123,104.486408541051,12.0507490648619,97.5898501870276,904,2
96.690028549655,4.04766983884079,58.8722125561897,23.3945685715385,32.5920299342352,55.9675561223068,10.6681928662519,97.8663614267496,566,1
11.0939027220835,3.89691138269067,30.4974762492889,20.3828973599367,33.1408392083004,88.7234343460683,8.96745953294004,98.206508093412,384,2
97.2890944036875,4.01691444647593,96.7625962448962,35.5820517279157,34.8306555165477,51.283419752422,10.917175619282,97.8165648761436,700,1
13.8843920755519,4.11496089291094,91.8509149843518,32.1939485030523,19.1663078001704,26.0905543235183,4.4781298892234,99.1043740221553,516,0
90.2028802328264,3.78289822515572,74.9928911910315,33.9927913924424,22.1087867472812,90.1565265602942,13.722827461288,97.2554345077424,199,2
57.493099817767,3.72892321309427,58.0047965888826,36.7630994997728,28.3843805984973,20.9827552569788,6.46137290395856,98.7077254192083,288,0
99.366831650737,3.96731536989451,88.2972243682917,36.05621869649,24.6760507972129,60.9182587458489,11.8476740795154,97.6304651840969,989,1
16.6416908261859,4.06549215935888,21.7587109441117,39.2184029385765,23.3677906675667,52.9379269302076,7.20449859908875,98.5591002801823,957,1
59.8468855961189,4.03359959434363,81.1458814847397,30.7187015770424,22.1562249867119,89.3377538518852,11.9730921796485,97.6053815640703,487,2
97.2372282057189,4.05846955420105,21.2338732570163,29.7699126531981,26.875612638869,96.6245472760379,14.4024026492823,97.1195194701435,340,2
57.0788059753134,3.80490832036905,81.4789596294465,28.0377439978146,26.5118685728016,50.4094635971284,8.45661613175043,98.3086767736499,881,1
66.6458774321736,4.07248395132252,34.8190811426221,23.0738208568841,18.2291566812848,101.162701444485,12.9162100348267,97.4167579930347,830,2
72.6173820086156,3.58414633875943,88.938152291637,31.4521446576404,24.4347967503688,49.3916760504934,9.31944933752058,98.1361101324959,516,1
50.9086958290996,3.88114236857259,94.9637884442858,25.5402504865196,26.069435524197,64.6326359986561,9.20850031566897,98.1582999368662,275,1
66.4802272075657,3.50403106234868,23.3916372464604,38.4261502442595,26.4057387746278,92.7018527014134,12.9704732643757,97.4059053471249,486,2
62.588288073079,3.72721008093019,51.6408044558854,31.663816085542,19.202143858247,89.2920229224789,12.1536071181376,97.5692785763725,570,2
91.104220944189,3.75652307440998,98.2888640346417,31.8568036101622,29.8454278450457,118.73684723122,16.0427884969859,96.7914423006028,952,2
14.0901742307312,3.77732088412648,53.5066692375832,27.0984932175402,15.5039818964214,42.5161024215932,5.60244190754634,98.8795116184907,332,1
35.2866870633007,3.9868270446829,87.7192770263091,21.0397870395541,22.0966371108633,86.2317913539582,10.0023063179726,97.9995387364055,762,2
95.5370335668903,3.77199067088924,62.9858369918188,20.6348753074598,30.6042529707127,80.9681908275777,12.555944679349,97.4888110641302,551,2
90.1237405501825,3.81408553583577,43.7796917127642,28.466702883064,26.277858421108,111.509845449003,15.2220092924126,96.9555981415175,376,2
51.0091077507142,3.66628089161203,35.7205199973283,21.6913075619448,20.2232486502172,35.6362141644875,6.60470527934024,98.6790589441319,328,0
65.8119338021383,3.76127625414054,28.2900781977479,32.1369391108028,28.899062386861,95.1798163586933,12.8290950088715,97.4341809982257,270,2
34.9643064683019,3.65908873908421,78.5618372239928,37.6194601127931,26.3478188831215,76.8268616268768,10.0314267979612,97.9937146404078,834,1
26.9309043751385,3.55123714663791,44.7886456140725,37.6582963303744,30.9248721891277,47.4665869787905,7.18500895017486,98.562998209965,312,1
51.7328564445984,3.92241401536696,56.0147915980676,33.1809082026446,29.7005037237965,67.4434914147174,9.8659791835886,98.0268041632823,381,1
41.8017005223448,3.96774895898851,54.3092932001064,24.2246366294586,27.2021584407247,53.3776597069798,7.74945516650515,98.450108966699,140,1
62.5290500665785,3.93364324220673,61.9551126309818,37.2599366271774,24.7635535062163,77.9313402788461,11.4837276912583,97.7032544617483,221,1
16.9961173268486,3.8244458306604,87.9019431062097,37.7218687062642,17.6636425133505,108.900061081467,11.8109043917779,97.6378191216444,326,2
97.695532689955,3.76585004612546,98.2665409225086,23.9330716990592,20.2266603577077,76.9304984412202,12.4923050895524,97.5015389820895,393,1
98.7589670031643,4.10433355470028,46.6825787716435,34.7485217154135,23.3819894583417,83.1722418326584,13.6063945886504,97.2787210822699,699,2
72.8345542617771,3.86335724959535,84.4767029895673,25.7303909785425,26.9859857401278,71.8747847114709,10.9178126546386,97.8164374690723,366,1
58.2486729709708,3.83542731434081,78.8075015189246,36.0528062470586,25.2741571043061,25.1165506445476,6.80811984794711,98.6383760304106,640,0
37.8574854657695,3.5179494460645,61.6176056310016,39.944757998072,20.7636905191906,43.2858556876094,7.4972668138262,98.5005466372348,858,1
83.2415517736254,3.73887347933831,96.044242925074,20.6005201065879,15.1292871557942,69.2001729432083,10.9587846726114,97.8082430654777,927,1
71.6258055298491,3.7661369331501,28.0427063975563,37.9473173158186,24.9247844380163,51.0235283744705,9.73061684015593,98.0538766319688,550,1
24.6355245410402,3.77917594662783,19.8337789278659,32.4526106719732,20.7125197712449,38.1763597761194,6.03577007532729,98.7928459849345,548,0
91.9834466044458,3.90612065845913,86.856577025988,39.4676523832964,29.6921660142107,70.4132841918438,12.4403286320408,97.5119342735919,855,1
84.0283518630852,3.87352178270882,49.5234834970374,29.3001903505286,15.4789253054097,52.280979344785,10.0231753894128,97.9953649221175,160,1
95.4819921962732,3.92553356495541,86.2271968786354,36.9477586114275,26.6965562261158,45.8107643173415,10.4390512334968,97.9121897533006,601,1
75.3147557549524,4.03541828307949,90.3781184675873,21.2478813719655,33.8294847501213,66.3985417440381,10.3613436683491,97.9277312663302,246,1
65.2073676342211,4.06909001710127,15.6211834257164,26.7055810015659,18.48818534223,33.3284258082173,7.37301624914079,98.5253967501718,785,0
47.6418732661557,4.00268615335855,89.5118286687455,21.3403307550242,24.4329898150119,112.774573307541,12.8469913100207,97.4306017379959,889,2
93.9455635018612,4.16886658716846,50.348714983248,39.5068626695814,16.8284398363428,106.770209791924,15.5701387912325,96.8859722417535,433,2
87.9457500550368,3.51276280787345,55.9389240103809,36.3394781454367,27.5136382452271,90.7620585740535,13.7777662911948,97.244446741761,980,2
14.069680309557,3.63704458997848,66.3933259983889,37.0509484249194,26.0106336119245,30.6213827588456,5.10781333329429,98.9784373333412,990,0
12.3730277047527,3.5052940124847,93.3744346057078,38.7593046286779,23.1473104842566,97.5877254469693,10.6889270705856,97.8622145858829,241,2
43.8817030190245,3.95323229990822,11.7204484986788,21.7020697223957,25.4275404294748,100.795732810902,11.6788330379795,97.6642333924041,143,2
82.949799770365,4.12862138426499,52.9159121486035,27.7119518502667,32.9314931693802,96.7764617714338,13.5977927286511,97.2804414542698,243,2
98.854851638345,3.67043760760341,71.8949838187505,21.42069778088,18.9258860462213,31.3965887119241,8.6301598636216,98.2739680272757,964,0
23.5375201993175,4.14892418135741,75.0436261928406,24.2158620310006,15.4512902341069,84.3907957067765,9.42023542041394,98.1159529159172,432,2
63.4717643816922,3.54218717320269,72.3279188383397,24.5873155407534,32.233297693982,103.43247957494,13.0223272940339,97.3955345411932,596,2
44.2801770967919,4.15410521876386,22.099161646731,29.3821442209516,26.5423416477581,77.7353401219668,10.1610610760511,97.9677877847898,495,1
97.2922958033143,3.74613588106774,36.9456029534513,25.3712433490729,32.8131691092369,84.6407375228089,13.1865717511868,97.3626856497627,154,2
85.7907030822138,3.57099457991445,42.2843972875312,22.0195621363552,26.9389044682635,65.8363479426306,10.876875589481,97.8246248821038,406,1
85.4495834240024,3.84011023143043,82.3993486911555,23.3498217818822,31.203221799194,72.8707319884053,11.512531259328,97.6974937481344,969,1
52.1823843815473,3.67974359740436,35.0883885173098,22.9455112710418,23.593467267103,23.4376858351725,5.70953526889384,98.8580929462212,522,0
47.3337552103899,3.69941103137335,28.9634467480483,39.461535958246,29.9971986257654,83.8963021973285,11.3311230748758,97.7337753850248,516,2
34.6066364737636,3.7151029754484,96.1703217134287,35.1858501383695,33.2608293377971,28.1447212891159,5.83501777136631,98.8329964457267,772,0
15.0737946985834,4.06211812848286,10.7976956602122,39.3552293053912,26.4424592744441,63.5014594340223,8.01323948636726,98.3973521027265,896,1
87.8250138629548,3.87741289367268,99.803877011378,28.7948097301582,18.6157030112476,49.2655097667408,9.93645032688405,98.0127099346232,424,1
83.161090821707,3.7179153894092,70.9139168971656,25.5673696332531,20.375952300604,74.5427950211713,11.6483226078456,97.6703354784309,809,1
99.9745905957517,3.92723364831764,84.5622369504205,35.9658639441837,18.9728915379481,33.3416335523207,9.57549218969017,98.084901562062,770,0
99.6973153366515,4.00130547195624,36.5157456711574,26.5250783608229,19.9371405519147,89.1643401973318,13.7414813679847,97.2517037264031,179,2
59.9888535042365,3.69083680051347,11.2883749900354,25.987667474107,21.1283089870207,99.501153692847,12.5905888566544,97.4818822286691,130,2
79.2088673662459,3.78948437106775,76.4082566705377,24.6501198441566,26.1026757350638,36.3354449743156,8.22090310837977,98.3558193783241,211,0
95.0289156894185,3.58532026533586,85.0730137300608,22.5935795644847,26.7598325892767,30.4313087351882,8.41706715729418,98.3165865685412,657,0
86.468265160967,3.62680454467428,76.6428518758167,25.1292612203353,23.5299949448372,34.5515482787359,8.45917200895978,98.3081655982081,964,0
32.2613291568878,3.97678249777549,22.8565258570755,27.1063949694778,27.3084155964167,107.71275618985,11.9444492221391,97.6111101555722,816,2
50.5489721779084,3.62700684338694,77.8085130031272,33.4798841629146,16.6314985122273,72.8189261756356,10.2696866650108,97.9460626669978,663,1
21.6243473636345,3.86761436856694,79.2030503896877,21.251296844389,16.7557647411632,66.7260996007503,7.7042905104637,98.4591418979073,749,1
95.864592453285,3.9963323832057,69.2686464103049,24.2101387933069,18.4365892071532,30.6711819102354,8.55966838818255,98.2880663223635,571,0
64.5557171005792,3.57481384616632,78.9504339516028,36.1804728058335,25.3615499608069,84.9556006756962,12.116442884962,97.5767114230076,173,2
30.5778524953116,3.89711855374023,86.1329295709959,22.9384384716754,19.2798935739663,106.799959189509,11.5758111474751,97.684837770505,652,2
70.4530615965271,3.67959394859095,65.2243702813712,26.8529029304504,20.6656880698515,102.818586932345,13.4335138040443,97.3132972391911,578,2
65.6315416412106,4.17404881266631,17.9744242572711,37.2931784371628,23.0062567234599,82.6054708980801,12.0300252454253,97.5939949509149,688,2
42.2346446229556,3.83848195270395,53.886502870049,23.0985062228688,31.2373224802076,27.5278716651674,5.56064684772184,98.8878706304556,486,0
20.2201832979666,4.06419478484261,16.9884401204445,21.6547367123638,15.2772427182572,31.2397027176013,4.69705456031663,99.0605890879367,798,0
70.441587603352,3.88515857950938,46.6788727929188,29.6907599016002,27.9875764047324,24.9308987109825,7.08419226782948,98.5831615464341,981,0
56.8276930813414,3.53038877299837,46.6395840213065,26.0483902255707,28.3775306208137,45.7479216492469,7.95613096944952,98.4087738061101,663,1
79.5086552562075,3.94320596291582,15.9408859726217,31.2681672896771,30.9731156071327,33.5661467160378,8.33602002029738,98.3327959959405,532,0
56.8147151000794,4.16598233954466,41.3938480572531,36.0760978096695,33.6550587812063,46.0048040252434,8.47827431425773,98.3043451371485,511,1
86.6963350286686,3.92112827410243,19.9898288912183,22.7429697630549,15.4027569789858,58.5058055718962,10.3474490372442,97.9305101925512,566,1
59.6716154897037,4.07343220159875,82.74116890083,31.6139816910857,18.0756741102643,114.298278407114,14.0891363929656,97.1821727214069,698,2
60.4844174381848,4.11894452434389,95.2919223368024,30.1101752077973,32.7234258811199,81.0376059781692,11.2828634638132,97.7434273072374,720,2
88.8988242392511,3.65965584036425,16.5084827732145,22.881575720264,24.1703712437403,103.497378568296,14.2138015453338,97.1572396909332,836,2
46.3134579591157,3.64843138793576,95.9603686562531,32.4799697105797,26.2918127786693,91.0351500712332,11.5259338894209,97.6948132221158,347,2
22.0613705605577,3.92768669219569,57.0318939403071,25.4728083572154,28.2605440744629,31.2503130526632,4.98090170027725,99.0038196599446,680,0
12.5904408682005,3.78771992886469,36.9609110158486,29.7566863708802,28.5813320899127,93.5920406373949,9.91669308173695,98.0166613836526,219,2
77.9623530106257,4.0879029120067,16.9175867748547,21.6454464855412,33.6348080663302,47.5098881559124,8.93954732113438,98.2120905357731,166,1
65.8278596218118,4.13001618637861,55.0561841263376,29.1916811442725,34.9389883482334,83.9107846994706,11.7435424299268,97.6512915140146,672,2
73.3671791289301,3.7473949655119,81.5063990041674,26.1292693608564,29.4031492186188,54.0961973642989,9.48283887151423,98.1034322256972,426,1
29.166774535802,3.66580939128214,73.6377829540028,36.4476242237071,20.744424184103,119.767226326466,13.2613221318476,97.3477355736305,802,2
22.2734328028093,4.0463678606707,14.5203410317576,21.1395745399474,32.5950480458869,46.3551479496778,6.03357936294431,98.7932841274111,569,1
11.3090199101094,3.6923642248837,16.5611651831113,28.3721454983666,15.9844182908152,47.913047077427,5.97681219354271,98.8046375612915,592,1
41.5528802925937,4.07583002295958,46.2585954369373,29.1686284826288,19.6216170574899,113.06722555624,12.9583442351144,97.4083311529771,800,2
63.092591816917,3.79661677755413,36.5761444643149,34.5001215259824,32.9477143492743,22.4644404636323,6.75167237244766,98.6496655255105,762,0
45.3019640589759,3.96728492950403,30.9145890750443,31.4857515018042,20.1238302887871,89.6688987873197,11.3117940103156,97.7376411979369,385,2
49.3727429821356,3.56687471968427,35.2904049017842,33.3442467438836,19.413021192435,92.5326390735878,11.8469027424333,97.6306194515133,707,2
91.3742825044374,3.9367015272736,82.3134468967196,35.5409857130351,17.7625058628049,103.63785774104,14.9822515559603,97.0035496888079,411,2
41.342992032097,3.81623737511606,93.6305248268669,37.2440594731638,32.1822351529383,117.443931063848,13.7163468305837,97.2567306338833,408,2
56.259054024383,3.91062592422283,46.459242507481,26.2775099344494,25.0011651838217,117.560191915665,13.9235108575804,97.2152978284839,874,2
80.5287711467029,3.6176099454214,91.5499901919247,30.7604541072781,28.4978640610831,26.5276757566464,7.77510090908625,98.4449798181828,196,0
45.6888504089143,4.01581162146093,38.9346131123094,36.802161568784,19.7813276815006,102.18393227529,12.6398782884924,97.4720243423015,212,2
65.9878030205086,4.10395795428026,52.8793287709412,39.7890226193011,30.1608084202243,84.6309933657381,12.3414240624687,97.5317151875063,736,2
87.6127337872071,3.65171786006354,30.34260980344,37.7903862208753,30.200110899242,84.7342134373091,13.3313404535132,97.3337319092974,555,2
95.4568561291878,3.56700018886411,67.642843795826,27.4293452524875,21.251960498166,32.8349926614695,8.88055945753955,98.2238881084921,562,0
23.2366132836134,3.51654701023244,98.1083003657328,23.903330344373,23.2136526602057,85.0187166445653,9.4418902351131,98.1116219529774,231,2
93.3928862645345,3.94938005031029,64.3143786439041,29.7878507481318,19.193805548604,118.248258060125,16.0130583556437,96.7973883288713,220,2
54.2904663771584,3.92496582526215,42.2032675702194,34.8328290367208,34.5312204664581,111.181856953945,13.721319516856,97.2557360966288,296,2
33.2419949469063,3.88268818889985,68.3035701391476,29.8513814150659,27.9120515411682,63.9130660804851,8.48075765813903,98.3038484683722,905,1
51.3222180614435,3.66236296728118,21.0628610618849,29.6636172662734,33.6908776143103,23.9947973286094,6.04885821043663,98.7902283579127,581,0
98.2029317756929,3.77363419713386,89.9793172238859,36.764608421636,21.0677108725827,56.2293490000205,11.4341560932015,97.7131687813597,733,1
54.3356284593583,3.91613343463032,55.2775555701853,27.2280755813437,30.6378182599378,102.639031160056,12.6314377987064,97.4737124402587,893,2
39.5876449258757,3.84773680120142,50.4414767835678,37.1958934962329,30.3171728776948,90.1499101465166,11.3516694333152,97.729666113337,996,2
67.0060768885053,4.19144986415042,62.7278309608167,28.1360960190345,28.8331130373308,65.9343655593956,10.25163910866,97.949672178268,871,1
31.6131056900374,3.59550782678971,66.2305476510462,26.5646621135668,34.312779505336,25.5101535158831,5.0347345165038,98.9930530966992,138,0
16.8276995297798,3.98660118783332,16.4598225603862,29.079798223994,22.8711067221263,62.6894727823303,7.51949761954954,98.4961004760901,665,1
21.5991749719584,3.783023137673,71.4355499101062,35.2489391734974,17.6143464717951,66.9024939717883,8.41761353825515,98.316477292349,611,1
21.5241255061995,3.79973973044793,31.7738512283977,22.5200405572799,28.4341771848812,112.855553289414,11.6068377439584,97.6786324512083,573,2
23.6712424161065,4.00231843596072,74.2557369255931,23.9283843174403,29.5861960095441,84.1086103582159,9.389032199862,98.1221935600276,260,2
22.4944455384469,3.98470530592706,84.0281314945777,39.0288965132618,26.5012114691763,51.1652916654649,7.33994140804085,98.5320117183918,388,1
67.6787270322893,4.19387919559153,82.3562656797268,23.5098325476271,19.1363578626679,72.5318264450721,10.6037468494185,97.8792506301163,299,1
26.369207595923,3.58987600261789,59.72508706671,31.3545463586211,25.0891188333871,26.605530782216,5.10331526291187,98.9793369474176,887,0
41.1100554991477,3.57287675456892,56.8152903079676,31.5862893332388,21.2437947313826,117.256823564974,13.4062192053671,97.3187561589266,627,2
90.7109568915411,4.00703717199012,22.8588365205471,29.7924892410049,23.5493305633338,56.0059901930726,10.69233815605,97.86153236879,784,1
52.6565476236585,3.90487084190449,79.7811535362822,32.8949049715364,27.9043715168933,67.7867354913136,9.92646725403588,98.0147065491928,602,1
70.0801964668924,3.69191246659186,34.4268442402043,24.5965345159524,29.9042948538167,55.5283974236923,9.3612030011166,98.1277593997767,347,1
25.5087884081467,3.55559355829229,54.7025880536152,31.053245355535,19.6444938180269,88.25117301162,10.1823661058191,97.9635267788362,482,2
27.3060116927804,3.5599607747175,35.5846683634765,27.4434651049379,23.1065072129391,86.2232158329593,9.92274182596586,98.0154516348068,317,2
13.6781754639831,4.12593361226488,22.0445526699724,33.2333451925838,20.3832314198326,91.5322310529136,9.97326195390447,98.0053476092191,186,2
25.2041556764948,3.63430712730312,66.6601927202563,22.824470867463,18.9726322772374,46.8143229611921,6.30262490729723,98.7394750185406,181,1
35.0731305128763,3.72636009348086,14.8898831340613,31.4175483367895,30.6677443999168,51.5668481164066,7.62177128551717,98.4756457428966,161,1
25.9309435849072,3.65865948155889,77.378071071358,23.7054071076665,33.1850538887398,32.5251231096208,5.19224446043042,98.9615511079139,898,0
17.983228038135,3.74849741408236,38.5828115735005,25.5728612623007,22.4046437136915,85.5509971846113,9.30705423040606,98.1385891539188,599,2
20.8572283990541,3.54859668992227,10.0121223704037,24.3741960064717,30.0255784874753,23.9797127335653,4.25988061474006,99.148023877052,141,0
51.4700891229453,3.86334185363579,56.0016225313507,23.6567555973763,32.9399057872882,79.7682335523459,10.4036950320449,97.919260993591,111,1
28.5700346565213,3.54732879451455,14.2166717674843,36.5142190312133,31.9224842106046,106.969588485163,12.1683450581504,97.5663309883699,932,2
42.7842874943268,4.06024955547565,34.855260203881,25.7141513532178,18.6562677707845,109.083214828963,12.5151898447908,97.4969620310418,845,2
55.3075543769371,3.6635984573373,73.6278838710145,38.542475637289,34.1258376302672,64.9037760369962,10.1011495037943,97.9797700992411,940,1
72.1355345766429,3.87800834022316,15.6420659459679,39.3985305069038,22.5335288085892,65.9303688213074,11.0709006559529,97.7858198688094,742,1
13.5380925856989,4.11605536129302,85.5404643120402,31.4252093987419,21.7848132234767,27.6969183008017,4.55624162428885,99.0887516751422,214,0
81.9469359018138,3.95561415833304,10.3437930392725,22.8600224533145,16.2486265455556,87.0765025443036,12.4967231297817,97.5006553740437,317,2
66.5110350541817,3.87307045058593,32.2141482281712,27.4909648675916,24.7234730820977,102.125942037285,13.2105951658624,97.3578809668275,748,2
17.3583128753985,3.72703362718076,76.6813650536864,35.9546452669643,17.1802723128186,44.4655054604713,6.37110669549075,98.7257786609019,205,1
88.62207616961,3.73310133914074,38.4643134756376,27.3478145739414,19.9707964185485,62.1300881633365,10.9760018841223,97.8047996231755,790,1
92.8785160478632,3.96864086863873,19.1703149259412,21.7403443660558,21.3388524353456,103.883933676527,14.3879374937399,97.122412501252,627,2
15.4970163869377,4.19589755285482,42.4210526920385,31.1356982185638,31.1765264698337,107.712046766229,11.3076396274608,97.7384720745078,571,2
34.9189883332483,3.96328743289457,34.3353957746073,36.9024170299207,32.5097730079179,44.3179980264226,7.28423677036034,98.5431526459279,853,1
82.5581151813755,3.89044839215902,85.8440711944499,35.91852774287,21.0493263492294,75.0570634541364,12.178587434057,97.5642825131886,945,1
77.3433721345293,4.01145535716747,38.2013125826629,23.5024628026071,32.1739624248915,39.2493150635827,8.31306800215537,98.3373863995689,992,0
26.606891742074,3.8256439285986,81.0039224598406,33.4552922882493,32.1446187473958,30.1878764139557,5.5187655693458,98.8962468861308,486,0
28.8414391003039,3.54209963982055,90.2684930329661,24.4100852687129,30.2930190076975,111.112050139196,11.9219137300505,97.6156172539899,325,2
43.3424892512244,3.89360777111454,49.0435677618877,24.3641506910434,17.9339022803036,102.050750423211,11.8895611990476,97.6220877601905,580,2
53.6070686671919,4.17033769915377,91.8948829468953,37.4814354661037,28.8064569380146,96.0034901803174,12.5547160550246,97.4890567889951,853,2
65.6429294377266,3.62271205965036,43.9586248566874,24.9933790548046,33.9004812916114,24.876631881314,6.60486808140273,98.6790263837195,507,0
43.2022275612795,3.98300342357447,96.7670574841097,25.2649469303602,28.6508095753431,104.372879271026,12.1210986638341,97.5757802672332,556,2
51.6281244519833,3.64065358206134,18.0360572073016,20.013067815226,21.6323369821567,63.8044075905384,8.89909357923866,98.2201812841523,752,1
77.2723844320381,3.87507937913116,71.8317339852919,37.4133806825103,25.0115863486166,54.239512329586,10.2542476165263,97.9491504766948,997,1
13.3014882601538,3.5676735147527,54.4432636411236,35.8518962641827,27.9145008670211,74.6476361025376,8.67830556809496,98.264338886381,810,1
32.7193249909619,3.81525965538073,44.8883924910082,32.5465787018136,25.2114081745701,29.1353242723556,5.69123887400174,98.8617522251997,723,0
74.2014627296097,4.02931433022667,66.9440690873741,35.0053152787768,17.3990588346194,95.6646549352399,13.432393478356,97.3135213043288,738,2
90.5686153918479,3.74330006696729,73.3471382470898,23.0409713484898,21.2412808930404,78.2435076888296,12.2007716444194,97.5598456711161,120,1
56.05096979041,3.96543820714105,10.3926942685278,29.1664718917515,31.0479206110727,38.6590096873168,7.4824562247178,98.5035087550564,758,0
57.8902136738784,4.05681497255281,25.0257779872479,27.0243877469756,32.2283609219104,38.8232199769046,7.48099840245142,98.5038003195097,700,0
19.6454810205798,4.14902447363562,74.1741445570887,21.8755305251403,17.7460006543114,38.4248651572674,5.27812267372496,98.944375465255,914,0
50.2671130141109,3.66424945729882,69.9746872220386,29.7226097042985,34.0477350479745,25.7002387551934,6.14117269885325,98.7717654602293,302,0
57.9355539809521,3.77952114106652,96.9442754615809,38.4147930068527,21.5764523569722,78.7798449371685,11.3825044274876,97.7234991145025,516,1
31.8223453271257,3.60669120933129,78.4934011225705,20.8011823810139,28.2462747746144,104.034817758851,11.3007445319779,97.7398510936044,515,2
34.2318907854443,4.19473845151086,95.5695436958204,25.8292182698759,30.0365029191336,21.7498213987389,4.81554056932758,99.0368918861345,547,0
43.955574679416,4.14890067754701,73.2286451381326,24.1508187241141,31.2389246927577,24.9004644971274,5.48035837827045,98.9039283243459,611,0
11.8064077999954,3.87796999119639,36.8246987775499,24.7629330733139,33.9149940445186,77.2770276686946,8.26821934939001,98.346356130122,184,1
38.987124902486,4.08942330606349,19.4828430025771,38.1686910375875,21.2583909605765,101.949568538605,12.3535881752208,97.5292823649559,266,2
29.030320629689,3.86467058409043,80.3641477010442,29.3613810846858,32.1701290910311,52.6738890568634,7.30907584045735,98.5381848319085,483,1
39.4747616960123,3.93650998160193,67.9734299328324,29.3259882587964,17.6337380687241,54.9614398807722,8.02015748780479,98.395968502439,567,1
20.7785918637326,3.56238710248121,14.3367411153967,35.2115128491056,29.1008181270719,79.6346497496776,9.43572604811505,98.112854790377,171,1
90.1474552665905,4.02868929434777,42.4045419310881,23.0898440800985,29.8395545902797,47.4212889124147,9.61363904336901,98.0772721913262,909,1
63.4233208198644,3.58939943854466,96.1119833935858,29.745307082001,28.5544648240264,22.6608366077684,6.54683444574064,98.6906331108519,620,0
71.1192087230041,4.07824734117677,55.0361031139181,28.5997042824212,20.0462947227031,93.5228518101596,12.7795166344512,97.4440966731098,892,2
81.0254114746605,4.04741966136927,48.9456222417734,31.9382138109331,32.4608629403041,82.5649912941453,12.5285972054585,97.4942805589083,572,2
54.8597979036152,3.99612128842008,51.1929644643365,39.9911540650088,18.3771692674079,78.0755999055659,11.2488475905617,97.7502304818877,357,1
17.8228259278681,3.52531226636733,28.7994451604647,35.3889778816409,16.0726958304166,94.1684128991823,10.507957932074,97.8984084135852,374,2
58.3395887636693,3.71218984916173,43.1836453778316,27.9573140603485,29.3492998122382,87.5230837562038,11.6084354542179,97.6783129091564,849,2
62.8157006218791,3.68417879893759,43.2831930388459,36.5510610454809,24.5095143046547,40.5881988178321,8.35068798485401,98.3298624030292,119,1
77.0895526765897,3.75209548523006,14.7119518168725,23.4141672662496,31.9819603991735,55.2481046943351,9.62919472166989,98.074161055666,589,1
48.8493591606711,3.56134992273469,79.0810865666126,20.6092737261792,22.6679428211652,32.6110141678625,6.19051615833106,98.7618967683338,844,0
21.4822272516007,4.15587047612174,47.4853988713491,24.0889674492855,18.3655717701543,32.9857013417881,5.02736818019332,98.9945263639613,589,0
35.5398315218852,3.88766156849866,83.9961898134781,26.8082311222852,31.7288438493974,87.6195746356539,10.4190343518463,97.9161931296307,832,2
42.6774066758772,3.71386701746062,86.5313201007906,30.2116151491912,25.9781926328014,105.86001069825,12.4661186494409,97.5067762701118,425,2
68.1325517198441,3.777887061952,29.0794649228792,32.302582810824,18.7839158478071,116.273258386114,14.7111949253762,97.0577610149248,628,2
61.3700474202021,3.81304177835338,69.1618133953116,38.2121143442884,29.4076799717289,82.8347117549444,11.8820007344699,97.623599853106,991,2
42.0487053308062,3.92041603335243,52.5053623746684,30.1970801910092,25.22227276979,38.4101323360957,6.81313363743207,98.6373732725136,188,0
98.7863723913682,3.86097559938755,89.2141064129337,30.0255128925146,27.0862596448064,30.5650345448931,8.98768047626856,98.2024639047463,585,0
64.5197337421199,4.14357438125009,29.4166611258809,21.0048601964596,24.2179667641316,101.285097153676,12.7166544597353,97.4566691080529,807,2
31.3504112562395,3.84787443803408,71.003188027904,20.6982310531245,31.5741796763601,77.8756476359999,9.09206941846819,98.1815861163064,449,1
19.1604225358363,4.19451061037632,64.697691002745,31.0231992383274,31.591254313661,81.828502101372,9.32822293048919,98.1343554139022,183,2
23.7573225265899,4.09599747042157,36.5771329814649,28.7635722649669,29.1877764364877,98.1462088754709,10.8048954792004,97.8390209041599,486,2
32.1361955546057,3.64595736005014,22.2940813286055,36.783607899606,17.1080275479292,90.3277227732452,10.9733004038144,97.8053399192371,186,2
24.46132359336,4.15141665025074,68.6475784429549,23.2135916942369,31.7770772380814,103.44582528561,11.0042312048473,97.7991537590305,406,2
26.7910321646175,3.58145647851983,76.4737712319098,20.499433242341,28.4202596106582,25.6213905459878,4.49963914918025,99.100072170164,949,0
35.6585651824462,4.07221479594383,38.4064609387015,28.9807753586025,28.940483320086,94.7520636746505,11.1279723332733,97.7744055333453,253,2
25.6036235765279,3.76643630543361,68.0349343620082,24.7495711350451,22.2596568080774,105.08527573221,11.2747660465961,97.7450467906808,539,2
90.7088882163783,4.11458202431155,45.5617816850353,20.9922874667767,32.5855911231401,48.6135042458314,9.63618413797704,98.0727631724046,839,1
17.2210371095478,4.10763968307522,74.1886194954356,34.4919657369526,29.5074320046972,84.0447273993253,9.58937742560213,98.0821245148796,363,2
57.2060250613229,4.06414778008234,27.9293747404648,22.2318599991449,17.2518093305839,51.4162063836972,8.2565781183315,98.3486843763337,834,1
46.9357144290695,4.05302130541494,90.1193502372557,32.1663900001554,23.1555606881233,115.797106648245,13.604864108815,97.279027178237,520,2
98.4140755217746,3.71327539736863,35.8668636819022,25.6209950033378,32.7276072392028,23.3423572435504,8.14694996321815,98.3706100073564,592,0
20.0835011951247,3.55664349813588,43.1007388980538,23.4699210071004,15.9439340339476,77.9792843832955,8.67594480871922,98.2648110382562,732,1
45.8070039141168,3.78208612513561,15.2282756872315,27.5950304583863,34.228332392841,36.6503547049515,6.72429794403778,98.6551404111924,510,0
97.2523389947832,3.62146716049056,20.0360991089149,36.0289155244591,28.5832513663913,91.2220205177159,14.2658977691051,97.146820446179,272,2
87.8956413304582,3.98646576223172,56.4275712441095,27.8418715380915,27.6275195528675,37.5890283418662,8.91929467191634,98.2161410656167,103,0
83.5364863854352,3.74226980857645,34.0833409055174,35.0153929842211,20.4111851297598,43.5383261898358,9.5557878176358,98.0888424364728,953,1
33.2112544340446,4.18292714060194,85.1932203167975,22.509725935983,19.9758357747835,69.4370811045758,8.5724724438827,98.2855055112235,739,1
25.3798828651059,3.94868045414173,11.3224049789458,35.4554283933016,33.8411643897719,111.483494999688,12.3320568128944,97.5335886374211,571,2
70.1778897931988,4.07573639454405,44.1184643804743,24.738666498133,20.9654490846825,41.1714372147971,8.17678091579968,98.3646438168401,209,1
93.6438390214827,3.59276727091929,40.3610992092183,33.5478625977775,30.51010593438,34.4240021118104,9.22825192361387,98.1543496152772,966,0
60.1086603712537,4.10341013759084,11.7394867825841,31.3156310968199,22.8624359641416,95.8976831854031,12.5626881721873,97.4874623655625,136,2
61.445142052291,4.14593003335938,21.1931559100459,38.5828943442338,17.7850814156941,70.0619532333931,10.839897922609,97.8320204154782,682,1
35.1981184294256,3.84094334317326,47.2278407426772,27.7464503595063,15.2143059539072,111.178511238177,12.4121043759614,97.5175791248077,900,2
79.2543639872743,3.92437705642568,54.3578126002702,21.3233037766888,25.885146740305,34.6614557159842,7.91733803119684,98.4165323937606,130,0
26.8339373701771,4.0353668606321,46.3860772529382,20.3831097110251,34.5155763709786,84.5927893023039,9.41025146258544,98.1179497074829,480,2
39.1311312763819,3.62238703908229,57.7843910570884,36.5371712194551,22.3827238761841,43.2879146151815,7.39074134272364,98.5218517314553,367,1
48.2892794754775,3.85179625352441,63.5618507415113,30.4947127532286,22.1438466798609,35.6760428651639,6.9122031835323,98.6175593632935,110,0
55.684934081601,3.77906411944062,10.8931439015052,35.504881036699,21.8818323569888,88.342941515727,11.9214025488923,97.6157194902216,443,2
31.8168759173572,3.60246179451357,51.7685643508153,24.6885120002303,25.4108767460972,79.3684619908733,9.43930789511882,98.1121384209762,939,1
20.3353142265283,3.75727409560407,96.714931679883,26.9016749102647,23.8132976684859,95.4827458362331,10.3187449431924,97.9362510113615,643,2
64.9558038197469,3.54772061656985,56.7129052116594,20.6020774442264,32.5982925345403,50.9462576446182,8.52341553358352,98.2953168932833,668,1
35.976749791623,3.51806833486464,70.9788040713058,39.2298464914822,25.1104158344698,64.797165638219,9.16009361734018,98.167981276532,265,1
62.3114399280351,3.59461640240838,38.0677472125195,33.3573581340163,25.1551567637714,60.5471676330418,9.82903720585606,98.0341925588288,799,1
23.8926443746782,4.17418057811242,79.6592240337486,38.6641017551861,17.7674318944111,118.408946396651,12.9952495062142,97.4009500987572,441,2
53.3026091669336,3.88467067512651,79.5629333688504,25.3099281485814,34.6547908182077,49.2248956739388,8.03270150527065,98.3934596989459,581,1
57.9330489296427,4.17607551280725,56.9166442888725,32.2292722245132,19.9994578173766,49.4817238346767,8.63159304393085,98.2736813912138,118,1
14.6641183140184,3.80274851483109,97.8412440951292,33.5699993658528,16.4672813491921,55.4548208828607,7.03294095756529,98.593411808487,727,1
40.2943850374529,3.71827129315968,21.2995193286388,26.3509940051518,28.2629249795042,76.4594081290321,9.70388629621624,98.0592227407568,283,1
22.0973209245077,3.85429930398817,11.5252898400623,36.9621847003126,26.9073274031374,45.2322744263745,6.72233148343889,98.6555337033122,881,1
15.7037473425491,3.80765818204304,79.3142390581386,38.943229258005,23.3029130798549,111.528994037927,12.0264316665217,97.5947136666957,644,2
99.0964209150951,3.57396527898322,82.6439983628394,37.6971023539201,23.4438446776136,46.5685564866264,10.720389204003,97.8559221591994,109,1
39.0118460477251,3.94857842028314,20.8186506208519,34.7813395187874,30.7012784209286,109.581573156019,12.8214570413272,97.4357085917346,691,2
82.8887001269171,3.65122672775672,33.9024549662745,25.5492935944991,18.914252801993,30.3475063646585,7.95085854979235,98.4098282900415,291,0
32.9176589287387,3.93371156842848,11.5797127029966,25.6323208421126,31.4050663788978,85.6562702399652,10.0655215085397,97.9868956982921,419,2
71.3352450001536,3.95514076467871,36.3977749702508,39.2672064089208,27.9749422779004,110.698551843824,14.7550018907724,97.0489996218455,801,2
78.4205073900718,3.60641739719005,79.5827686526804,20.2056899187138,23.3793954755905,36.874943839823,8.0042218520912,98.3991556295818,679,0
63.607486654706,3.54294473897747,56.6164474941321,34.3209994648429,24.1605723316774,116.832696009926,14.6324823068046,97.0735035386391,574,2
52.4418569695143,4.04653311024791,41.3286033851459,34.1249232511052,20.1329441437219,65.2883360415512,9.76903368116024,98.046193263768,959,1
47.0656822732542,3.82186029663852,43.4565365415697,32.4537908189959,30.0422866539395,114.571510844102,13.5235995582877,97.2952800883425,736,2
41.3981439888696,3.54071465685383,10.1218263143921,39.8021769217373,25.2574948461054,87.6820043630047,11.3668497424474,97.7266300515105,526,2
93.6576229823043,4.19640642201884,36.9820474808712,26.2375887152745,21.4170908549969,50.1586869873552,10.1746511671585,97.9650697665683,947,1
84.7557467008956,3.54044639269746,68.1812867474137,26.799437275865,26.921002315219,38.8302524917106,8.81361357314725,98.2372772853705,158,0
96.8524219599861,3.98652466020099,97.6774999434721,21.5787880589311,34.9146890410265,50.3735046225099,10.1193525528217,97.9761294894357,535,1
21.186750113699,4.18857524768439,86.235474428551,28.8559627308747,23.7052455931311,29.3017409262675,4.94394738608431,99.0112105227831,196,0
75.778072768328,3.66742607295115,12.1235468180976,25.220970524697,33.4138280155724,34.386796634333,7.91551855084566,98.4168962898309,595,0
94.4506411138934,3.59957455808104,90.8704544207355,26.8677340435529,21.9003367984913,30.4660440346481,8.60475576075966,98.2790488478481,886,0
26.3109759549094,3.5849694575957,80.4878571968763,36.6914358051126,16.0946541384997,62.2943543741558,8.34131678584741,98.3317366428305,760,1
15.98466406301,3.71229260329732,80.2338511213882,38.7096902705499,19.0848421273686,99.5578376257586,11.0312041854912,97.7937591629017,377,2
76.7008584361053,3.57073206770745,51.2196183103214,23.7146614401037,23.3739028665537,34.138355421634,7.86563894561329,98.4268722108773,364,0
61.7025801861921,3.98451293918589,45.8204763659053,27.4501786310693,19.3926985718914,33.0320433172336,7.2103082172992,98.5579383565402,108,0
85.7645899082445,3.54360425869104,37.2624155949873,38.5726112423079,15.0045407643651,84.3428949517331,13.2454346368387,97.3509130726323,556,2
22.5795138963661,3.85659548970485,15.9125373058929,21.2361692137845,33.3000307549505,39.7182981968066,5.50064233857474,98.8998715322851,894,0
81.5740580673901,4.19768779769708,30.5411827144329,21.8472105622276,31.8775882246186,29.7610038108992,7.65114708238915,98.4697705835222,372,0
28.146458804297,4.06977918865421,32.1943271480222,23.2558197841246,29.8458446297389,36.6848578205578,5.62718541446756,98.8745629171065,912,0
24.7290348579134,3.93065360676171,53.5669362739182,31.9042566825375,18.3562919129206,112.373139587678,12.1960928759957,97.5607814248009,107,2
24.7839218137894,3.71437753455063,77.2699965937025,23.0094454201199,17.4072715241997,102.147125277619,10.9019288014971,97.8196142397006,307,2
83.3117248208244,3.93672708540415,52.6428845558152,39.3615276290147,16.3520949894477,55.4064562355094,10.7508673087844,97.8498265382431,736,1
69.867749862658,3.86892902473816,15.2060004502445,28.9342905451704,29.4805837754584,85.5820767327393,12.0719417481197,97.5856116503761,222,2
57.0758882292207,3.79825836872326,96.2010820889384,30.0303592070033,33.5761592137577,73.7275673668038,10.4992763190449,97.900144736191,132,1
42.2947435711152,3.59149726371814,94.8451887184701,24.9331723161081,23.6107164182607,87.7124263482564,10.6707646567159,97.8658470686568,612,2
88.9480486731797,4.12062295066833,80.6670588833568,29.4192050486947,17.382813439921,88.2671152462759,13.2739556232834,97.3452088753433,303,2
45.3200596680372,3.81484925417493,99.2195111407799,33.2382726527402,25.2478564146421,82.8734015059993,10.8340334082055,97.8331933183589,617,2
83.4939495524419,3.63623575827454,59.0034099520237,35.0235427390808,21.9766381491726,46.6101368537309,9.81005268572038,98.0379894628559,908,1
49.5221417713197,3.7574315456141,96.6491515227886,35.0773616541983,22.496498487,23.9006420762818,6.22169534429938,98.7556609311401,616,0
43.9249986482417,3.78989082677025,16.8044536555076,31.5578222538818,27.4266124831141,65.5566781990109,9.23719756169041,98.1525604876619,542,1
51.6411807102646,4.07927652689681,42.9112673435234,38.0871954998771,29.374362265244,109.09738846907,13.5778678495963,97.2844264300807,691,2
37.1240086747728,4.01353006639298,30.2843141206089,36.3481569461222,17.2120719774632,76.9497258518576,10.0860854353662,97.9827829129268,885,1
77.2848442158626,4.03851342554894,27.6249775720843,35.1409622939725,15.7118046161295,103.239104170191,14.224549006341,97.1550901987318,788,2
55.2448351083231,3.50772188510005,22.6722654003408,21.1121104336092,34.8866060537143,119.162434296123,13.7480501351069,97.2503899729786,949,2
30.8991425632136,3.79130779872583,66.0172277409397,20.137559244393,19.654566978311,36.3616204138276,5.58197012486596,98.8836059750268,932,0
90.9617115947112,3.83694090614473,80.3189670172575,24.2489455439095,16.0766104981692,89.1777639141982,13.1920131831142,97.3615973633772,438,2
44.550209923589,3.51343459377614,62.0468559478325,33.270471878269,18.7975065819184,87.4293573700025,11.1768138709264,97.7646372258147,537,2
58.919757500259,3.68186924612152,23.2266438629389,28.2239497776509,15.7791569269693,117.995544735828,14.1901474252145,97.1619705149571,544,2
91.5824899868092,4.03220287618549,83.0011392940124,28.0481251859862,22.8362178923434,118.56007339528,15.8615368749131,96.8276926250174,235,2
66.1814196322593,3.5959767940103,67.2359236447356,37.6917377645923,31.0480356890265,88.6678611724129,12.582646300877,97.4834707398246,486,2
20.5208236637528,3.87471709201681,44.9349135514296,37.9112569626368,21.8248889951544,44.3614791982194,6.61839396450443,98.6763212070991,124,1
94.5848911252128,3.65064131041207,70.6717265982457,38.1835052810717,23.8836681375673,99.8555838130599,14.9597184714026,97.0080563057195,605,2
66.4937247764276,3.50848454225073,33.391448131855,26.2775615303005,28.5117354713488,30.7029134211038,7.19714043376173,98.5605719132477,424,0
40.1415053191378,3.66884102031968,41.067298764479,33.8211162547852,25.1778814013976,98.0699304171629,11.8706252801264,97.6258749439747,794,2
22.5344865397048,4.18311162843704,92.5737258818791,25.4326636254874,32.2289137204265,111.01961241447,11.6499918761321,97.6700016247736,779,2
81.4622670343266,4.06107597831809,36.1454055104278,23.812196661489,32.3207135009151,58.2833394768435,10.1206681411944,97.9758663717611,437,1
65.8065480335662,4.17170365102472,52.2989441342143,23.6926491469474,15.1982139098231,83.063529498308,11.3969206505514,97.7206158698897,789,2
58.0114982778689,3.84149783074845,90.1127023656413,26.8421524172719,30.560926129664,63.0142732096826,9.49387196889726,98.1012256062206,984,1
90.4503324745862,3.57681533907425,73.6949215240775,28.5991523955964,24.2146720048335,63.7765054988128,11.2671830350769,97.7465633929846,194,1
80.9737490102078,3.88357164228158,15.5982903548232,36.6189834211014,34.7768108260733,51.037088910812,10.1327273641331,97.9734545271734,644,1
23.6507391759476,3.81806413419197,23.2572739851073,22.3978218694542,24.6646415175087,96.2129620450325,10.3201748893561,97.9359650221288,722,2
38.0549861015993,4.09104995791773,10.7057431694725,34.6985169478979,34.7379189077659,113.617656416651,13.1058131871957,97.3788373625609,245,2
32.3640225833019,3.56865780654897,66.7829611206247,30.6290982837861,30.0913872241147,114.075085923446,12.6559132036416,97.4688173592717,992,2
76.9551663315409,3.84176879591524,50.2906082869376,25.7589068535199,19.9720976922661,37.4781284874934,8.25888103321082,98.3482237933578,330,0
13.0179191262201,3.60503406528579,22.0847365812048,29.8563916906565,25.7678995857392,107.474364965657,11.0999126213152,97.780017475737,883,2
61.2900716384185,3.72727314882304,96.2140708951094,25.9988413955404,34.8427127895717,93.7431441427122,12.1763743302573,97.5647251339485,947,2
78.6212817166622,4.01614995417146,57.6693751551058,31.9216391047661,32.1506121550385,45.2837400690289,9.30079104682383,98.1398417906352,594,1
88.9089073085574,3.83321269055814,31.77039647016,28.6768784571049,16.9473378758244,26.7284612921515,8.10666106262907,98.3786677874742,137,0
40.7873573844317,3.76312179960204,55.0543214039237,23.2881105815776,29.1274399361999,46.7997266884378,7.10375062233695,98.5792498755326,524,1
83.9131574204812,3.77613339499903,71.1658299461597,22.3316614911139,21.9115917174163,111.220823678153,14.5806429187591,97.0838714162482,746,2
19.9568563259687,3.82161273788419,16.8615296176208,30.9339136414426,15.139645237607,83.3178674895772,9.487694122502,98.1024611754996,945,2
86.1807062561066,4.04951158068594,34.7233433543103,38.0482606657221,23.06961938054,92.1054660897872,13.8869038535737,97.2226192292853,846,2
21.4739796098784,4.12445928225816,82.6268941795594,26.8791537311537,19.6950884344994,45.7152351109096,6.22725959296074,98.7545480814078,536,1
45.7558561504331,4.16873428055275,51.3698383362395,34.6600021444525,31.3773854104094,91.938815557482,11.6823608778678,97.6635278244264,930,2
81.7565829201598,4.05083237037871,59.1919427829065,33.1732270987953,21.7466121769153,22.8121506277924,7.64750305326379,98.4704993893472,467,0
23.4925684613896,3.72078482702361,48.9534401988522,38.6310982861896,31.5504738790763,57.5321345773014,7.90052788548741,98.4198944229025,444,1
30.6326255709377,3.98169429426058,13.9509948378705,36.4196203459828,15.0119587766959,82.6753348542331,10.2422235336988,97.9515552932602,259,2
75.002731155376,3.80632218683877,24.917480183814,31.3321051781093,21.1563830005224,34.609656554132,8.20087986285193,98.3598240274296,649,0
74.8032882891467,3.67826943543224,50.0987474867702,33.1406099646821,19.8233042861552,102.300357444693,13.9222246997492,97.2155550600501,761,2
67.7032869596768,4.08861010559815,28.8266918867135,37.9677293316807,19.6713472213722,43.5031298811919,8.90881163800053,98.2182376723999,919,1
72.455360002039,3.52689844427363,14.4981125793711,27.9903756917387,16.3637323953093,85.2281112818446,12.1246293915093,97.5750741216982,640,2
58.8451999012837,4.1312333944948,85.9284697646641,26.5358941171555,18.74248540821,60.519714257533,9.31236422238304,98.1375271555234,243,1
32.6619153016257,3.82303422523731,98.3073276247704,20.2162216727039,26.1109913977124,79.6043595477647,9.27760347769688,98.1444793044606,687,1
41.1126394153528,3.9460410337658,81.3828586597066,36.5310214838293,20.8272214567549,30.7450552628908,6.44427098353334,98.7111458032933,756,0
26.3437945121283,3.96154774554405,86.84064295342,36.0196140080673,23.347895646583,21.6912799921607,4.92577709202317,99.0148445815954,840,0
91.7605505200266,4.12658241849458,31.7779417285341,22.089090362003,22.5373376069438,110.95644273803,14.9388522722707,97.0122295455459,675,2
62.5052615289508,3.94566877751705,96.456427796188,31.537147622654,32.5180984999979,46.9630008767183,8.61570386397343,98.2768592272053,958,1
46.0766275087276,3.92975350933204,27.7233134008086,29.2796339633377,33.1059799802103,101.967700278046,12.2651214301071,97.5469757139786,444,2
51.5805223279719,3.54665642839248,95.6286829325649,22.3741819101822,24.8591394331172,119.93503004722,13.692321049176,97.2615357901648,368,2
95.2555005650634,3.86288561536164,99.5337364569356,39.6113645412145,21.6031190063121,41.1431257998911,10.1719370719715,97.9656125856057,939,1
23.8016262804472,3.60511830057193,74.0550525171444,24.2939177492671,17.1360140800473,46.5170741183356,6.28120004468035,98.7437599910639,795,1
62.7606848815118,4.01620363810504,98.302935861264,21.3446836018112,34.0680575876419,86.2859787634666,11.395766654455,97.720846669109,872,2
55.5299810996019,3.85855534456887,61.2585801610393,31.8969475900382,16.2045388980059,116.544863460062,14.0834183894872,97.1833163221026,367,2
65.0308811891183,3.97615944544585,33.3587604858481,34.7773335426607,20.9530055513656,111.581434819074,14.2888636381785,97.1422272723643,268,2
11.6299165438756,3.52917103042167,49.3296297099059,20.6488689209437,20.9613240234001,70.2875520065585,7.47123527378751,98.5057529452425,870,1
88.4911518049736,3.55935441123206,63.4204841840907,33.1743527745404,21.4080257228043,99.5110282526725,14.3758609166984,97.1248278166603,838,2
93.8906454235251,4.00142637164388,16.5773405824313,30.6458375190291,18.2857368654482,33.5745853099901,9.02470625629355,98.1950587487413,132,0
60.8619865230288,3.55045903519907,66.0108938155522,22.065300177501,30.6632286184739,117.743818420401,13.9583492033933,97.2083301593213,476,2
72.6985741489203,3.54987970943568,98.3060053086065,23.4504775389272,17.4499572393198,116.435323403599,14.5103962013589,97.0979207597282,313,2
93.0249443059566,3.50847593266442,27.1096884805355,31.3594859463216,27.6981331830633,36.3728957879171,9.250296161607,98.1499407676786,661,0
73.6514770882059,4.16955097880964,81.3335604659545,25.9271522702658,17.4769205341164,49.9423124803107,9.1407908412828,98.1718418317434,539,1
23.7285138622835,4.01625585162131,91.7108914401657,38.7663145730263,16.4107127518591,30.0154997506767,5.62603306765522,98.8747933864689,591,0
61.8659524150132,3.74727598595144,94.9331433538199,36.374804589681,33.1885900737175,47.171759889818,8.84301784105288,98.2313964317894,492,1
64.604354174457,3.70757490690136,96.4122043964903,39.6713441302733,18.8025753263741,101.595578941521,13.6800831603632,97.2639833679274,588,2
48.1717604172147,3.74479226082209,56.9313674849325,25.1934167790083,31.4250030911941,57.831560716526,8.48755558618831,98.3024888827623,821,1
76.2799812062251,4.04225747182683,97.9577117192353,39.3944726559595,25.8926174221427,28.8396967146758,8.18703075266555,98.3625938494669,128,0
94.0930313292114,3.96295942774929,78.1579186420995,28.6246773958312,16.5571303921754,54.2225524778905,10.6544314760763,97.8691137047847,138,1
93.3011661616099,3.62963689750723,24.5504292613266,26.9503759062751,34.1089638287613,118.138333424128,15.8574382220716,96.8285123555857,958,2
50.5755434263719,3.62187653473386,52.9210095821173,21.0069905393871,19.9392233398379,82.9683595259203,10.4931566587813,97.9013686682437,711,2
20.191424125668,3.56887695479938,74.6498057834804,21.055305157192,32.1929069070521,61.6160946406158,7.19701101752765,98.5605977964945,272,1
98.6357079066101,3.96221190379094,32.2606284237175,33.8402251189331,18.3762001156913,36.653851349727,9.67828426375441,98.0643431472491,116,0
85.5008277801341,4.03506086355522,67.6553665193999,29.1585798886806,32.0788576428371,118.617679728369,15.6177770274715,96.8764445945057,155,2
21.219641308294,3.6855324998275,69.9940431141957,24.5304325207221,15.2645762581059,102.084900926313,10.7945787686435,97.8410842462713,325,2
92.8757694355635,3.51466147272164,24.6429769427709,32.2794061265047,25.2356091313896,48.1477302450919,10.2700696318611,97.9459860736278,657,1
88.2906725855916,3.5575201672335,60.8576781207481,25.0571623650022,30.3888515884311,27.0068695721189,7.91796421187293,98.4164071576254,166,0
56.6954251413465,4.17750202439152,79.4464219880747,31.5526350868884,33.6959103498557,25.6625557377558,6.5509493228914,98.6898101354217,296,0
63.2147892170436,3.70681134423419,54.9006098082348,27.1841749396538,33.1840427241297,32.0378149505534,7.18976612038099,98.5620467759238,753,0
45.9102433483117,4.03845620348669,11.0892805098497,36.4710445322364,31.3924973909529,78.0768583614422,10.6254692574809,97.8749061485038,934,1
14.9285474939828,3.93726449819798,10.8134622171363,36.4139232153356,32.7638269932261,112.876342120549,11.973485378845,97.605302924231,122,2
40.1677517481311,3.76735774775703,42.1326409573011,29.547007962448,18.9843937167415,69.6743428005985,9.29193321891216,98.1416133562176,705,1
82.256810373821,3.64398108353689,93.3574661588604,27.0163821867003,20.6836859142346,104.29454824562,14.1548719818277,97.1690256036345,853,2
10.4168820704143,3.58497049271158,30.5809101643248,27.2511959311819,20.7793704984212,64.5886619859808,7.26579239891154,98.5468415202177,336,1
40.014925452203,3.93050907762721,67.0927319984519,36.1142905133644,22.541078620034,90.8583545767825,11.3779903463436,97.7244019307313,665,2
45.8351824231849,4.04224364644645,29.9868283623989,26.5635896559522,22.8664134077038,93.1872737286501,11.385544748011,97.7228910503978,237,2
58.3656042644131,3.95073297747879,38.9502990693594,24.1811874741369,25.8911064930935,37.3963705903339,7.24370380278866,98.5512592394423,572,0
92.7870054771485,3.87121149327441,86.3237880641336,21.6937668375061,18.1975952673288,56.1216058975812,10.4008391071978,97.9198321785604,944,1
41.1711394929365,3.52936585640215,75.5975298042952,29.3338624176882,28.8249332757198,83.7302156538024,10.5027680666814,97.8994463866637,883,2
41.2257881706605,4.17794214431607,18.585934958189,29.6426419783968,18.3513307860901,27.0696608184366,5.79922657565592,98.8401546848688,652,0
76.3751123298774,4.0590999341582,48.583181888779,36.8181742080581,21.2061696420909,56.1540187762957,10.3391658915881,97.9321668216824,709,1
50.6996146800826,3.70497542569068,12.6252787280738,24.4247739289213,25.0669026121231,73.4799466281193,9.8795483161268,98.0240903367746,794,1
30.2144340645984,4.1859792305512,53.2801131942708,27.619825473368,30.9288112304695,119.622449304464,12.860250418937,97.4279499162126,739,2
50.7195564519424,3.92131711274543,69.6190610530961,36.1681147778738,29.7893846647745,67.4533562622441,9.96549658334448,98.0069006833311,328,1
22.677131834182,3.90769586074507,20.6652361238336,36.4724722149795,27.9106871282104,101.605675711432,11.4246198450774,97.7150760309845,416,2
25.8748287855601,4.02365122560067,35.9996445018249,27.6922215195754,18.1154652116034,63.2067285066618,7.94557989081192,98.4108840218376,697,1
54.8530995465532,4.0682388516631,45.8052962951941,29.1824804657336,25.9409069123116,99.6390722619709,12.5050350224452,97.4989929955109,867,2
47.7032904554093,3.95953502513205,92.7577922190445,26.0657178169857,16.7489300359977,79.5414801620108,10.3169070937873,97.9366185812425,820,1
92.336131096129,3.58966702245634,99.3929513880668,38.6510975683862,22.547263535933,108.65954415024,15.6043234457458,96.8791353108509,826,2
42.615450920497,3.73678725419615,14.0420169096054,22.3728753148316,23.2703306057992,61.094255235011,8.34060424801735,98.3318791503965,985,1
62.2529515250239,4.14965854822824,78.4907131145853,38.6749884600294,15.7962287889151,80.4304419821479,11.7489338310983,97.6502132337803,711,2
66.9037859127577,3.6572309282907,43.4551659762109,33.6773290367069,20.4797619893994,83.0018680618827,11.9458780859635,97.6108243828073,660,2
11.17850109295,3.76051691668626,45.3212367606532,30.6314430537346,34.1129893453298,61.7382941800473,7.23535505567151,98.5529289888657,300,1
69.718363481504,3.80245381806094,77.8838476012321,20.6531812156899,34.0726521565938,34.4312043687482,7.38784426558871,98.5224311468823,357,0
26.0232370182776,3.80758349278612,92.6583788930868,29.5119238364402,22.0465410850508,29.3559406912336,5.22308643367202,98.9553827132656,579,0
96.496328572251,3.92905770774617,95.5835735052294,28.1549621000546,15.8620021789665,21.6671550599633,8.03816078861222,98.3923678422775,987,0
23.3796454977802,4.1601530864213,61.9410327434489,23.2243762395024,18.5818987865636,107.353426424521,11.2763199555743,97.7447360088852,277,2
47.3161711354321,3.66848489828275,42.1409043370453,33.1281920700131,22.8443558686708,43.6474912238695,7.65950909559472,98.4680981808811,856,1
17.6814701270779,3.58505096341064,80.8794177272901,39.4230181473657,33.9555939593846,41.1506749281768,6.28444732440358,98.7431105351193,222,1
99.7186826661353,3.63822934290196,32.590124493607,31.2437762212905,17.8239812707437,93.6035400426066,14.3484179479218,97.1303164104156,441,2
55.1975509298118,4.12084743014649,60.7666625950166,34.2950655288789,30.2703168733642,52.0016113087392,8.80809843199614,98.2383803136008,270,1
63.5846515588039,3.95206756885864,42.2720615372386,21.3690090513203,17.1736507874938,70.6044692411837,10.1313888006049,97.973722239879,944,1
16.0368829649585,3.70013475246741,69.0967966337089,28.3533399163399,34.6251515478255,36.2511065297456,5.24043668821039,98.9519126623579,747,0
77.496442335926,4.07116285727803,31.6359021604156,22.3271697032899,22.6323299821827,115.974572146197,14.6557282808105,97.0688543438379,158,2
28.8915033786027,4.10295899745441,27.2433651161343,32.2559167107302,30.5046907779811,105.158140001724,11.8205493379436,97.6358901324113,804,2
90.8248860496643,4.0925600370832,92.6415178007893,38.7696431642831,21.8518216562226,106.3789622965,15.3446399854057,96.9310720029189,564,2
28.4625676433806,4.14324857354769,19.1623314654583,33.2355546494328,27.5533775431762,60.6773748572005,8.14135401940738,98.3717291961185,879,1
27.16189485973,3.67656871412135,55.5362116961439,21.5360609662884,18.8403216948007,96.2361213707173,10.454574572194,97.9090850855612,359,2
13.2894701063285,4.0285293501224,29.8767504666708,27.0933240997017,17.9204203859393,34.387615538978,4.88477433854968,99.0230451322901,472,0
52.4860250598999,3.8223776480919,13.5036966993101,31.013267588817,33.7612827913626,20.861900259178,5.91345632070069,98.8173087358599,194,0
60.8357019936355,4.08939898702304,13.2416936462284,28.064155122665,33.3529455580887,21.9972932578028,6.27810062729859,98.7443798745403,224,0
15.9137775485517,4.00994347401313,25.7699594895245,36.6728802095034,32.7493788042576,78.660173740456,9.1843473662741,98.1631305267452,140,1
79.797485502551,4.04351321254981,88.00933190554,36.2934200941998,27.5086690033319,65.5394905247941,11.266169490237,97.7467661019526,990,1
50.7959951273225,3.95931328637675,35.4230869579324,32.2366204020644,31.1653642243256,71.801534890852,10.1350920173737,97.9729815965253,353,1
57.1951242394822,3.62420013862879,95.5413253517766,27.4691589026541,16.3807387382275,20.7463140417219,5.96207366058365,98.8075852678833,106,0
49.6686472244405,3.88151884322786,62.3460063690274,25.1067274752649,21.6957808378136,62.2686619657426,8.92782389879715,98.2144352202406,570,1
46.0686754787793,4.18926881766716,49.295277079189,22.1174863642626,21.2740624951431,91.8068161200861,11.0598761021593,97.7880247795681,827,2
60.3676298177396,4.15617164654798,62.2079951202509,27.0979536697311,27.7129064390523,64.2693701967436,9.72906002410217,98.0541879951796,610,1
23.9716221337641,3.53022161505791,56.5028546703641,28.2634503441544,22.1191554694128,93.2219206312222,10.3802470098311,97.9239505980338,680,2
26.3735317445744,3.61537037101061,78.2898628381593,33.5164585020815,17.9701356328736,43.3018964396835,6.60299088230642,98.6794018235387,168,1
87.5607058912166,3.59221014141819,35.4246459375567,33.1631964859515,26.9293415082709,101.314200448173,14.4790451562061,97.1041909687588,180,2
95.150391592027,4.00818593698971,41.7745352440272,21.4021627928251,31.2876784133816,78.8431240453452,12.3978880563547,97.5204223887291,641,1
43.5978384651778,4.07244973089986,90.4684872279926,27.9051863086232,22.6424698891995,41.0763099429906,6.9981770672726,98.6003645865455,684,1
34.3670205829198,3.64945795641747,95.1810861835365,23.6355773443472,17.6453743019696,43.6720475853833,6.5394671951453,98.6921065609709,361,1
67.9599588915114,3.85409688506628,90.3302404737827,23.1362541063361,18.9337639462565,82.8030464569537,11.4550645213052,97.708987095739,188,2
46.7860753988287,4.08849211960784,47.7503194561582,36.5460429947449,19.7496661033877,102.993959321244,12.7494358631157,97.4501128273769,307,2
12.284772009431,4.01296108133638,80.2328952706194,20.8383043343251,20.9979518598907,61.5627782029155,6.78638533409744,98.6427229331805,312,1
24.0537337629571,3.87956604384429,52.8702159970989,28.3836575180424,27.8559014101262,45.8300429127592,6.44103980677991,98.711792038644,933,1
74.4375005962658,3.91324338332114,54.7785866931492,23.3640731153304,27.0189096907544,106.70116069106,13.7818420765015,97.2436315846997,365,2
69.3031547719136,3.8558523828414,28.4212098151556,37.5866043135695,28.9215972313408,86.9268291750835,12.5883903855311,97.4823219228938,392,2
12.4386393253135,3.70828391592317,63.2017272932665,31.1408102655007,22.2500396906303,64.8085487283076,7.57968487356635,98.4840630252867,306,1
29.9774945739655,3.89551539500131,26.7522307978013,24.627612727537,31.4799530375996,68.7900195279302,8.46275699240264,98.3074486015195,432,1
30.7967316929264,3.98221971143506,39.8408229160474,30.0485457433275,19.0817532231152,40.4256467936397,6.41106777128267,98.7177864457435,176,1
70.4703469238856,4.11132604110257,86.9527181457942,34.6297271940623,24.3808149503631,82.6802630064844,12.1450256231044,97.5709948753791,387,2
11.7739483978928,3.94540394778547,28.636822828977,39.1623601783887,31.0187744308286,55.8742510542889,7.20300301667148,98.5593993966657,146,1
19.3697723786116,4.03278507593021,16.404245665609,24.4089200849084,18.6031729546524,119.564517667435,12.1526444287956,97.5694711142409,721,2
81.9924476835871,3.6120501444682,16.2106833351535,37.7236354425869,17.1972622748157,68.0183515261888,11.6540001168244,97.6691999766351,299,1
26.06901958489,3.82309023209385,94.6706068452797,38.6860822833498,32.6736793537598,68.5885606189613,8.95346847832543,98.2093063043349,526,1
68.7471497066687,3.50653213387897,55.6228394165651,38.3284108906413,21.8585932551839,76.5851787410672,11.7358762582878,97.6528247483425,309,1
31.4364502942054,3.67267520516514,46.8470864635317,32.7082871372382,28.6774024981806,111.675600311875,12.5135368975617,97.4972926204877,987,2
18.9497253483411,4.0085232005791,82.9790722907127,32.5964130886942,15.5069720852788,100.081809985975,10.9174577540163,97.8165084491967,519,2
31.8854971899509,4.19426696594455,85.2243335119464,28.0642126636765,28.800937768189,65.1130069797842,8.42356940766338,98.3152861184673,253,1
75.0040238670093,3.56942466971105,39.8971929804044,35.0479576460758,21.3220262309394,91.8699265972796,13.1584262920942,97.3683147415812,621,2
87.0126821295657,3.7810460211029,72.4256251726416,30.6258803670186,16.1148170717488,78.6235498780762,12.4338906146689,97.5132218770662,514,1
84.7197878110292,4.06004967808941,79.4010534266698,33.5487614245659,27.1962552309623,69.2367048701249,11.6831528676235,97.6633694264753,452,1
45.7465176656609,3.64282494424023,68.9185618179359,28.5691580769759,19.8160763214635,39.2315772784351,6.9850818936681,98.6029836212664,256,0
70.1276622913582,3.8885594645116,23.6435567320089,34.6299292808628,22.7361448410376,66.3936263454891,10.7706817740685,97.8458636451863,360,1
28.4485865874239,4.01314990722077,88.8294775165351,36.489430352091,16.6116162457303,44.5818587022575,6.96205573883053,98.6075888522339,176,1
36.3832957234912,3.93118981518213,58.5185097462408,22.9287251320563,17.9432650218989,111.484214985165,12.2559522915412,97.5488095416918,868,2
90.6702236669008,3.63161731423079,35.4225183733003,36.6585943114846,20.9595447099169,53.5406813496347,10.8281643447222,97.8343671310556,587,1
11.1701731159662,3.74876919808002,48.2705366893925,30.8059306358061,16.7951900112031,115.226401453337,11.7010053087001,97.65979893826,230,2
17.6957677769021,4.04865424913978,13.3813981359017,36.8933181818045,33.2165252937263,73.3055290094711,8.83824838205793,98.2323503235884,678,1
28.7097629631425,3.88795855989241,21.5080121100176,28.6260341268203,15.1209408636796,83.154437867616,9.79632634346614,98.0407347313068,554,2
12.3878983486438,3.50366072948004,78.8992075464275,27.5808097076607,24.6772043772862,74.2940444489328,8.18960577355962,98.3620788452881,839,1
26.3291891580818,4.03269353201967,10.001047127983,38.3012146503444,17.464949162651,32.9380616966701,5.97635866514382,98.8047282669712,262,0
62.4737404872723,3.52471794845817,47.4909245634063,25.023385350968,21.153581789559,57.5821219007941,9.17336645031152,98.1653267099377,114,1
47.9282095533248,4.02201364791186,57.025916297703,36.8842465057229,33.5211911963653,29.9146112277624,6.73350707193258,98.6532985856135,331,0
90.3404539969277,3.64173639211567,14.9170978000875,29.6804114501881,18.2338910654797,82.2954044183382,12.8589936405506,97.4282012718899,294,2
83.5699205564597,4.17065143608357,97.57703466751,30.2819088510252,34.3166463943667,64.6874195200439,11.0832097637112,97.7833580472577,960,1
40.7635616528088,3.75755852591146,30.3512798124705,26.1693656297897,19.1158875397884,97.7984971570937,11.4965211272211,97.7006957745558,641,2
33.3481090088163,3.72885213143666,37.3778847672653,31.4608440123803,29.8313221693366,42.047048099937,6.74436832605458,98.6511263347891,458,1
44.172316735054,3.60422163523271,37.3548261029525,26.5042239255242,25.9335452979462,36.4566058429335,6.57187751994004,98.685624496012,949,0
63.1265448263327,3.71392295084315,30.7374995905615,20.785388284833,32.6895745519352,60.6332230963768,9.24836524692302,98.1503269506154,430,1
34.1257276740589,4.11365553327974,10.132643987768,25.4399721068871,26.0798651100626,112.658538321838,12.3664965158671,97.5267006968266,526,2
66.1734017064221,4.19743403633907,75.6410314679197,20.1275808681318,25.6911843831262,91.0421815012412,11.9018975871645,97.6196204825671,596,2
46.8470486972116,3.75781667135479,97.0160949819357,39.5670957411371,18.909160007368,61.8923624792919,9.47840409519176,98.1043191809617,927,1
59.6842462766782,3.81402744166818,30.1864134956541,39.3149441963949,18.3245872410332,71.7272169754311,10.9272276049396,97.8145544790121,585,1
49.2513876221785,4.00544965674192,69.674247262308,27.9031059494461,33.3297830223103,28.4213011177098,6.22616643839038,98.7547667123219,907,0
36.5019183587726,4.12033704632555,76.7706694262844,34.5674170867929,21.5567639770007,118.457589637611,13.4249325754126,97.3150134849175,548,2
95.3607976265941,3.91513103393075,86.3582841181472,26.9161219682085,22.4416450992579,86.6407304694919,13.3339068521978,97.3332186295604,512,2
78.7245214743785,3.77406798872448,48.0366277312248,33.4218631417195,30.1964731685678,48.5404068463423,9.65235313466675,98.0695293730667,429,1
22.6101858189807,3.78883528859404,37.2637815076386,36.1086008609196,21.7764696484561,78.5808394215244,9.48434261912205,98.1031314761756,831,1
88.1621178308122,3.98693270254776,39.2765620620728,38.9351248938448,34.04124893278,30.9482366068994,8.93388185347447,98.2132236293051,988,0
53.8688078424562,3.50225278452299,74.1359199788662,28.0042455169934,29.758555379976,116.583666880758,13.808958241369,97.2382083517262,246,2
90.5097004204682,3.93371253622189,83.5101519855072,35.665959659121,26.9485848514684,37.4784987883366,9.43199123634084,98.1136017527318,358,0
81.9869730352584,3.74884510730895,26.3452570980942,25.3185690126424,32.6179032108951,84.8030318055214,12.4321964195218,97.5135607160956,391,2
48.269215402231,4.05593813189396,43.3846907341989,39.806646075873,15.9921181669897,44.5454462538931,8.11591359506295,98.3768172809874,910,1
12.0222377488106,3.56509344787619,91.1746177074235,20.515391975287,20.1412538437842,91.7561382648536,9.27322634160934,98.1453547316781,242,2
34.1809623446451,3.91174158686387,82.6024167725265,32.0705761300224,24.3007266844182,97.6821367240281,11.4527549840691,97.7094490031862,846,2
58.747079319478,3.83668102292029,98.6372562486228,33.1901196330265,19.5395707894304,87.3419728911433,11.8753576885538,97.6249284622892,726,2
67.0130397843533,3.94962786813366,77.8823433713873,33.7609111414826,29.878103746043,81.4499460255193,11.8261930484184,97.6347613903163,464,2
33.2098916889882,3.54539751613808,45.387568092513,22.4077515757818,33.3841606210745,109.246909395201,11.8847912795053,97.623041744099,189,2
22.5420466665542,3.90598865119969,63.1574050595174,38.7705956694626,23.4754023986185,27.8626710989758,5.38752137504882,98.9224957249902,819,0
85.1437213119369,3.89303921157167,69.4912828822588,23.6236655810017,21.8426520022379,53.0914765780195,9.86265905948189,98.0274681881036,263,1
98.5961962633197,3.89246206609132,17.0610234685412,32.4550680647968,34.2310146427513,44.8287479630846,10.2882922133295,97.9423415573341,580,1
57.3121164072417,3.92244136661752,59.0047263193479,24.4535215824617,23.8970486565508,118.801396206542,13.9883982500304,97.2023203499939,183,2
25.4511357263473,3.97352755605845,73.8388745625349,26.1443283404254,24.7809680089857,58.9389779666873,7.49135470056258,98.5017290598875,176,1
34.5076593867432,4.06349229977654,25.0589173600954,30.9291708345625,22.0329974468381,93.2612699240399,11.0436140047353,97.7912771990529,772,2
11.655160889272,3.68887450408975,80.2568545683002,28.3438683712915,33.1909694602428,88.4725163881005,9.37266116203655,98.1254677675927,616,2
92.2868925904449,4.07753458712604,62.5395502462701,23.2045120195301,26.379109665637,41.2081237477378,9.20858054281023,98.1582838914379,584,1
20.5975974601127,3.84877897758442,95.6999607127835,23.418728048417,30.2434917436329,43.8997680211551,5.85913027718941,98.8281739445621,689,1
61.8864827962828,3.55394079539403,13.8180068386203,28.362895763256,31.2361343670177,48.1284563553034,8.52317362425223,98.2953652751496,702,1
34.6649698618485,3.54098565047079,33.879352379992,35.14565956551,21.8369808383452,61.1127278259379,8.58325879019609,98.2833482419608,698,1
59.8760202264214,3.73396682308724,64.1398491369842,37.9592929369558,23.6738866264076,43.4325065650527,8.51114120525658,98.2977717589487,881,1
68.6278349516678,4.04942788397803,36.6903920985338,21.6825532451877,31.9694354881253,21.9651482746848,6.34594843273317,98.7308103134534,203,0
84.6767623336481,3.99537665431864,74.2981747664118,27.862078151188,22.2651070335162,107.93930568072,14.6218841643018,97.0756231671396,551,2
28.5779144584543,4.05203047527068,78.3104754269738,22.0049112744575,30.878702669037,116.560983138088,12.242556548153,97.5514886903694,586,2
10.9896245792632,3.86208833950913,19.2264367659827,20.331849612652,33.8198464514887,54.1570387031568,6.07916026819216,98.7841679463616,438,1
22.3197067061927,3.80813929856884,56.2469017786091,33.2343736528791,27.4642074613601,53.8506879425473,7.2652613464992,98.5469477307002,786,1
91.0016777663295,3.6032167686944,55.800150003195,32.0489888393318,29.8325457490378,20.7091812774371,7.87829843673615,98.4243403126528,665,0
88.6501069806264,3.72973492752652,43.2352693193987,23.2603822762977,31.1019462408227,88.0250688330374,12.9309468655993,97.4138106268801,999,2
63.7671791953277,3.80381355632171,93.9632376312705,24.6762566618613,31.9007929779328,102.543989574863,12.9675042574314,97.4064991485137,577,2
64.0465174390288,3.56202030077573,84.4755687885899,20.4741550728904,22.9010667571359,34.6608300360003,7.11443612859599,98.5771127742808,822,0
69.853300709163,3.65442836689785,72.7488443718673,36.6989441138881,16.02526918352,35.9666349367151,8.32483181921214,98.3350336361576,706,0
25.7834150761105,3.91875770584462,74.2893972161498,39.493811920971,23.0375254247348,99.0083249971438,11.5145550996161,97.6970889800768,322,2
92.2970751332464,4.01496417996743,51.5544529431807,22.7091907358938,28.4751245956818,81.6290748354145,12.5527361964082,97.4894527607184,108,2
47.6893472402866,4.19884325797507,92.8895068986918,24.629504275306,24.0070077156159,24.4860557627717,5.65644722267727,98.8687105554645,152,0
44.4824675424548,4.15317933194049,72.5135884527957,37.3681904789387,29.979263017208,82.2546990462282,10.947091154922,97.8105817690156,176,2
56.7025934754554,3.94979563967463,75.6082955490235,38.5292759591237,22.1396485893733,50.8917722843766,9.00257449542701,98.1994851009146,817,1
14.226937009755,3.79487363730585,87.5521813408611,28.3925476561362,27.6948828220806,56.8725155470846,6.87035052888494,98.625929894223,602,1
24.9655031880471,3.94532415529576,34.6664430407972,21.0124494453815,18.7283960970795,96.973141829688,10.3799927841454,97.9240014431709,415,2
76.4230254783733,4.04995613265616,82.6363813480033,20.7878366738564,29.9873887328991,101.093519267261,13.2850030465499,97.34299939069,913,2
17.4518801132614,3.58283533364637,27.5716542660843,31.4789973213802,25.9139193762605,60.0356626839831,7.449515762064,98.5100968475872,921,1
64.2836898519749,3.7869334227874,41.0807757020399,27.8579021778636,19.081287770932,114.715293600635,14.1666874015449,97.166662519691,941,2
32.0814198713189,4.08786159994493,40.2049408842859,20.5730485515531,20.8382234699561,60.6462717952072,7.68657940407753,98.4626841191845,723,1
45.0366052637779,3.76868306635313,98.0672921550227,31.6650478462511,29.9721741716366,97.183603523011,11.933716282419,97.6132567435162,962,2
35.982436309363,3.90031058985903,87.0883501373134,20.2260507317804,24.6520247132304,68.3877264564259,8.50940155675933,98.2981196886481,264,1
42.0105444818454,3.91143855260354,73.1052875431234,35.7474391629855,19.3206288078614,109.753232652208,13.0340019032589,97.3931996193482,378,2
74.7141314665821,3.62913337719355,75.4351085453851,26.1286564540674,34.3454238074059,110.776124365018,14.2734830931173,97.1453033813765,126,2
36.7409544060857,3.7535648091566,60.5865514962314,20.8051600601846,29.3025003963378,28.7416807871084,5.27244578890589,98.9455108422188,169,0
60.9764176267207,3.73415790211935,95.2381600397667,31.7670444196631,34.1426966507959,113.649333131023,14.1079508632377,97.1784098273525,317,2
52.844536197919,3.51833769597245,54.6632877594125,27.9536882886611,23.5421009072069,102.553484152042,12.5860349036658,97.4827930192668,464,2
69.7304048826383,3.51693423472395,44.2465938882905,39.476008267143,24.5020068138344,99.1310714312667,13.7212432767613,97.2557513446477,800,2
94.3146765392282,4.08218793057304,24.6731803238432,30.883973250074,32.9591043237004,40.0911339685522,9.6008603201778,98.0798279359644,944,1
75.9314887489225,3.69114956698097,80.7585087034952,25.5047836207402,25.5009868049077,100.511920875466,13.447807024772,97.3104385950456,405,2
29.3446340731681,3.86265513636717,76.0999538868032,34.1887772926795,29.1455782381133,105.013273468504,11.9277766906677,97.6144446618665,223,2
12.8064821555156,3.70910790151214,44.5919534671721,25.4298400508542,20.0434575499106,48.9150334454151,5.98806889743642,98.8023862205127,118,1
33.6037639869843,4.15847547158074,12.2674072563306,38.0848658281513,23.9345293740528,115.226007836232,13.1865988104428,97.3626802379114,356,2
63.5570137630229,3.68150773120604,85.509759494621,27.4944394101475,17.4689973162071,24.9860146399164,6.63474054531823,98.6730518909364,395,0
14.6283232135825,3.80075976891725,11.0276185108666,30.9973712555241,19.1196007175392,34.990925324714,5.1971951671815,98.9605609665637,121,0
54.6729622481113,4.11091117533922,73.3329801666146,21.0114620764846,15.0188683053526,73.7581138051514,9.93073069999241,98.0138538600015,979,1
63.71585640252,4.08935349675427,97.3231398753451,28.5224247590446,15.7853010329732,77.579247112231,11.0768513174308,97.7846297365138,549,1
40.0819501735265,3.63027099249239,49.3895195333383,36.6472707932199,34.5456764635386,84.5150083300903,10.8793784091782,97.8241243181644,651,2
79.382098337124,4.061850316857,31.1476064496357,36.1129761072668,19.8470739027352,21.6969129315466,7.58282979984843,98.4834340400303,649,0
19.5938427820395,3.82073082071653,73.4383909039044,24.4863711770705,28.26621419008,116.036677462213,11.8737338198066,97.6252532360387,147,2
16.7624003562228,3.83807821045975,83.5415327814027,24.5215814202113,31.7819939759922,24.4588092734144,4.10243319493957,99.1795133610121,794,0
75.5369880583243,3.59343598069116,59.1787284470063,36.3461062442647,26.0132091847313,34.3061952723402,8.4530043211578,98.3093991357685,686,0
54.5942184585579,3.55642105962999,97.0331747730532,38.6079684033865,18.0628900016791,21.4014517526057,6.44356365581436,98.7112872688371,820,0
71.9562156784963,4.00955751488164,14.6501849492165,21.9072184254601,29.5623287467233,76.6858433294095,11.0836586493153,97.783268270137,282,1
49.1344604743372,3.84752280664871,55.4316038474075,29.0011727885245,27.0050282019917,113.226688392097,13.3423390291512,97.3315321941698,534,2
32.1761829915196,3.80579549183063,74.6608552590295,26.7490855792846,29.6250117869475,86.5947166080464,10.1624898125441,97.9675020374912,206,2
83.719208590678,4.01065576005668,87.6376424034261,37.4137691091488,30.3949324571417,102.265746848043,14.5787944556616,97.0842411088677,287,2
81.9474291072081,4.03585902929378,26.1330050717011,21.6704982936004,34.5082073536949,21.328120345858,6.95823973219526,98.6083520535609,875,0
72.5226823768984,3.61123571736855,82.0003133587313,24.2225188511607,26.4712656005342,74.2015298479726,11.0207208820673,97.7958558235865,185,1
34.4930623506966,3.92715760463435,59.7436368146691,35.0493667517299,21.832822253812,65.9562977505522,8.97347960100067,98.2053040797999,935,1
63.1207600182178,3.59474785759438,45.6898313790967,21.0258769796243,27.9692911380047,69.8967944220793,10.0320647183987,97.9935870563203,942,1
42.4876507246024,4.02596256022033,21.8543525721184,29.8507076142858,16.3688141848525,27.2213185335188,5.88536112807098,98.8229277743858,555,0
18.2423865993971,3.959868609387,87.8766183018021,28.8421406935944,32.9479463664317,88.4435361069308,9.72452104022714,98.0550957919546,236,2
92.5582217916019,4.16963023475842,24.1545887361744,26.688023579775,17.3876202267639,70.3220414858635,11.8224823923908,97.6355035215218,957,1
22.3136767827065,3.54827061144949,37.8809073288189,27.8914463063785,21.5568567577164,96.5148849861264,10.5531632366315,97.8893673526737,997,2
95.5213618438722,3.53993830480588,36.1040978766193,30.5988117386047,31.3149076125224,68.5290634061715,12.0167639629715,97.5966472074057,435,1
50.140519566216,3.69753095228524,88.4272630771769,23.2273471677677,26.9462475666142,34.9381636226432,6.57990697191945,98.6840186056161,706,0
